"repeat_id","fold","sample_id","truth","predicted","prob_pos"
1,1,"GSM615097","RD","RD",0.214329044598436
1,1,"GSM615098","RD","RD",0.191981925884036
1,1,"GSM615101","RD","RD",0.253813069653011
1,1,"GSM615104","RD","RD",0.275254561552292
1,1,"GSM615106","RD","RD",0.408162011662212
1,1,"GSM615112","RD","RD",0.367640869903185
1,1,"GSM615121","RD","RD",0.100638807810569
1,1,"GSM615125","RD","RD",0.161206929328731
1,1,"GSM615132","RD","RD",0.120557973646423
1,1,"GSM615133","RD","RD",0.0671849589613737
1,1,"GSM615147","RD","RD",0.118652398028316
1,1,"GSM615154","pCR","RD",0.155900359642712
1,1,"GSM615167","pCR","RD",0.385956710945537
1,1,"GSM615170","RD","RD",0.0923389776144209
1,1,"GSM615187","RD","RD",0.0473722873288653
1,1,"GSM615193","pCR","RD",0.078097911547904
1,1,"GSM615194","pCR","RD",0.342767849503401
1,1,"GSM615195","RD","RD",0.214821131368288
1,1,"GSM615206","RD","RD",0.134752089792746
1,1,"GSM615211","pCR","RD",0.491326255040659
1,1,"GSM615214","RD","RD",0.0318972090675655
1,1,"GSM615221","RD","RD",0.0546021480575548
1,1,"GSM615223","RD","RD",0.112401740628677
1,1,"GSM615224","RD","RD",0.0483714756502513
1,1,"GSM615226","RD","RD",0.0252961657459901
1,1,"GSM615240","pCR","RD",0.399125691719235
1,1,"GSM615247","RD","RD",0.0531746648709196
1,1,"GSM615248","RD","RD",0.0407631257828662
1,1,"GSM615257","RD","RD",0.203921391000663
1,1,"GSM615260","RD","RD",0.0599584780450719
1,1,"GSM615262","RD","RD",0.0463308530701906
1,1,"GSM615264","pCR","RD",0.206380626139237
1,1,"GSM615265","RD","RD",0.100512535389978
1,1,"GSM615269","RD","RD",0.0869977696131788
1,1,"GSM615273","RD","RD",0.0350970031502675
1,1,"GSM615276","RD","RD",0.381060302050289
1,1,"GSM615281","RD","RD",0.13933636028767
1,1,"GSM615282","RD","RD",0.126644464445626
1,1,"GSM615285","RD","RD",0.101850852190492
1,1,"GSM615286","RD","RD",0.192749895832607
1,1,"GSM615287","RD","RD",0.184537794757383
1,1,"GSM615289","RD","RD",0.197802127439202
1,1,"GSM615295","RD","RD",0.0381275431136109
1,1,"GSM615304","RD","RD",0.150782022739223
1,1,"GSM615310","pCR","RD",0.408185414132411
1,1,"GSM615312","RD","RD",0.16889454901447
1,1,"GSM615318","RD","RD",0.0695337675803255
1,1,"GSM615322","RD","RD",0.0694285949961503
1,1,"GSM615326","RD","RD",0.24395402797264
1,1,"GSM615329","RD","RD",0.0351777391493663
1,1,"GSM615339","RD","RD",0.0900015524957652
1,1,"GSM615354","pCR","RD",0.155724347284856
1,1,"GSM615359","pCR","RD",0.135883986873989
1,1,"GSM615363","RD","RD",0.179529469515412
1,1,"GSM615369","RD","RD",0.372800688804201
1,1,"GSM615375","pCR","RD",0.280914876475316
1,1,"GSM615388","RD","RD",0.0704278731989999
1,1,"GSM615389","RD","RD",0.296355541022597
1,1,"GSM615399","RD","RD",0.0533388677569064
1,1,"GSM615401","RD","RD",0.11542482852164
1,2,"GSM615100","RD","RD",0.214448717499739
1,2,"GSM615108","RD","RD",0.0560209134986472
1,2,"GSM615115","RD","RD",0.219348283526185
1,2,"GSM615129","RD","RD",0.129484693625692
1,2,"GSM615131","RD","RD",0.132603318563065
1,2,"GSM615134","RD","RD",0.052498832364764
1,2,"GSM615135","RD","RD",0.014240502738738
1,2,"GSM615140","pCR","RD",0.337733792143851
1,2,"GSM615141","RD","RD",0.175405284930096
1,2,"GSM615143","pCR","pCR",0.709957931063228
1,2,"GSM615144","RD","RD",0.0660444337919938
1,2,"GSM615145","RD","RD",0.0635979339390201
1,2,"GSM615150","RD","RD",0.0377067812070392
1,2,"GSM615151","RD","RD",0.461747998992951
1,2,"GSM615156","RD","RD",0.25045814773205
1,2,"GSM615157","RD","RD",0.037307459378717
1,2,"GSM615169","RD","RD",0.288538202439706
1,2,"GSM615172","RD","RD",0.0888374778898792
1,2,"GSM615176","RD","RD",0.331245272348878
1,2,"GSM615183","RD","RD",0.109398224882532
1,2,"GSM615188","RD","RD",0.115384985299081
1,2,"GSM615197","RD","RD",0.0113916306373836
1,2,"GSM615198","RD","RD",0.29046091250017
1,2,"GSM615200","RD","RD",0.0185428856063359
1,2,"GSM615202","pCR","pCR",0.733574602251997
1,2,"GSM615203","RD","RD",0.0298326312715353
1,2,"GSM615204","RD","RD",0.143342085826127
1,2,"GSM615209","pCR","RD",0.32783558403622
1,2,"GSM615210","RD","RD",0.0409851974145041
1,2,"GSM615212","pCR","RD",0.386154042076667
1,2,"GSM615216","RD","RD",0.0103948247335686
1,2,"GSM615231","RD","RD",0.41384198217116
1,2,"GSM615253","RD","RD",0.0120481819761917
1,2,"GSM615255","RD","RD",0.301895258408237
1,2,"GSM615263","pCR","RD",0.0276766448638442
1,2,"GSM615270","pCR","RD",0.21223820340323
1,2,"GSM615271","RD","RD",0.183005726340435
1,2,"GSM615301","RD","RD",0.304968448941384
1,2,"GSM615313","RD","RD",0.179871560990327
1,2,"GSM615321","RD","RD",0.15023042486856
1,2,"GSM615331","pCR","RD",0.0872154068577671
1,2,"GSM615340","RD","RD",0.0407876535625163
1,2,"GSM615344","RD","RD",0.0431449547539449
1,2,"GSM615345","RD","RD",0.0291312925812409
1,2,"GSM615347","RD","RD",0.215163466435658
1,2,"GSM615348","RD","pCR",0.530491112713954
1,2,"GSM615353","pCR","RD",0.382891239061698
1,2,"GSM615355","RD","RD",0.106019728300348
1,2,"GSM615356","RD","RD",0.0843190415844253
1,2,"GSM615361","RD","RD",0.031921633100141
1,2,"GSM615362","RD","RD",0.0203986979798551
1,2,"GSM615368","RD","RD",0.206343507164664
1,2,"GSM615370","RD","RD",0.0165263597636831
1,2,"GSM615373","RD","RD",0.0500654223067144
1,2,"GSM615377","RD","RD",0.0590302575200379
1,2,"GSM615379","pCR","RD",0.0620285695155145
1,2,"GSM615382","RD","RD",0.0478538087331084
1,2,"GSM615384","RD","RD",0.11137049385853
1,2,"GSM615392","RD","RD",0.293282212757815
1,2,"GSM615394","pCR","RD",0.316710251303433
1,2,"GSM615395","RD","RD",0.119566215923506
1,2,"GSM615397","pCR","RD",0.480576916084141
1,3,"GSM615099","pCR","RD",0.146837808009506
1,3,"GSM615102","RD","RD",0.157939192857768
1,3,"GSM615103","RD","RD",0.0280281999355341
1,3,"GSM615109","RD","RD",0.17018127755734
1,3,"GSM615111","RD","RD",0.342914741307684
1,3,"GSM615116","RD","RD",0.19097946540142
1,3,"GSM615127","RD","RD",0.179805999229039
1,3,"GSM615130","RD","RD",0.0867676435485611
1,3,"GSM615137","pCR","pCR",0.526994441699696
1,3,"GSM615138","RD","RD",0.0186913052996303
1,3,"GSM615139","pCR","pCR",0.818374481922996
1,3,"GSM615142","RD","RD",0.0872683659887877
1,3,"GSM615148","RD","RD",0.169182463499111
1,3,"GSM615153","RD","RD",0.189764565630612
1,3,"GSM615159","RD","RD",0.314206035742021
1,3,"GSM615162","RD","RD",0.0365679763663334
1,3,"GSM615168","RD","RD",0.0670931340928181
1,3,"GSM615179","RD","RD",0.125809142557736
1,3,"GSM615180","RD","RD",0.0848248815631967
1,3,"GSM615184","RD","RD",0.415977050143966
1,3,"GSM615192","RD","RD",0.11120643152641
1,3,"GSM615199","RD","RD",0.12830674371168
1,3,"GSM615219","RD","RD",0.165917428195065
1,3,"GSM615228","RD","RD",0.193298400470348
1,3,"GSM615230","RD","RD",0.274336545954087
1,3,"GSM615235","RD","RD",0.00512381292933917
1,3,"GSM615236","RD","RD",0.264777151077442
1,3,"GSM615237","RD","RD",0.0814294269728343
1,3,"GSM615245","RD","RD",0.0310002684137929
1,3,"GSM615246","RD","pCR",0.71498757432073
1,3,"GSM615256","pCR","RD",0.44372259133988
1,3,"GSM615259","RD","RD",0.0549436274792492
1,3,"GSM615261","RD","RD",0.102728226528444
1,3,"GSM615272","RD","RD",0.0135971988407968
1,3,"GSM615274","RD","RD",0.375672709000225
1,3,"GSM615280","pCR","RD",0.331637961070441
1,3,"GSM615284","pCR","RD",0.169632159675501
1,3,"GSM615294","RD","RD",0.384100479670526
1,3,"GSM615296","RD","RD",0.0501140686996228
1,3,"GSM615297","RD","RD",0.127263513237974
1,3,"GSM615300","pCR","RD",0.1502495843369
1,3,"GSM615302","RD","RD",0.0739118231530536
1,3,"GSM615306","RD","RD",0.204544927466651
1,3,"GSM615308","RD","RD",0.188810827224287
1,3,"GSM615324","pCR","RD",0.243295031320389
1,3,"GSM615330","RD","RD",0.357761572755793
1,3,"GSM615335","RD","RD",0.306897607161968
1,3,"GSM615337","RD","RD",0.0490272859767235
1,3,"GSM615342","RD","RD",0.0712782192500615
1,3,"GSM615351","RD","RD",0.145998816255943
1,3,"GSM615352","RD","RD",0.0271311019523108
1,3,"GSM615357","pCR","RD",0.253407888163907
1,3,"GSM615360","RD","RD",0.162667191916114
1,3,"GSM615366","RD","RD",0.0516231284483493
1,3,"GSM615371","pCR","RD",0.334726862292331
1,3,"GSM615380","RD","pCR",0.57337547748326
1,3,"GSM615390","RD","RD",0.155706060000778
1,3,"GSM615393","pCR","RD",0.171498069359505
1,3,"GSM615398","RD","RD",0.121096785160164
1,3,"GSM615402","RD","RD",0.0456722176620832
1,3,"GSM615405","RD","RD",0.226888419046152
1,4,"GSM615117","RD","RD",0.304016737265453
1,4,"GSM615120","RD","RD",0.140929487357663
1,4,"GSM615124","RD","RD",0.160418841751016
1,4,"GSM615126","RD","RD",0.0609947275691768
1,4,"GSM615136","RD","RD",0.429840985695973
1,4,"GSM615146","pCR","RD",0.337939976458877
1,4,"GSM615149","RD","RD",0.319966996595871
1,4,"GSM615158","RD","RD",0.0180973154572265
1,4,"GSM615160","RD","RD",0.195842691951797
1,4,"GSM615165","RD","RD",0.222130118866397
1,4,"GSM615171","pCR","RD",0.231034634816082
1,4,"GSM615173","RD","RD",0.125776851711616
1,4,"GSM615174","RD","RD",0.0273132637831761
1,4,"GSM615175","pCR","RD",0.189408660317625
1,4,"GSM615185","RD","RD",0.0765796342796026
1,4,"GSM615186","pCR","RD",0.10517512323647
1,4,"GSM615189","RD","RD",0.265425489276648
1,4,"GSM615196","RD","RD",0.010392114849982
1,4,"GSM615201","pCR","RD",0.2367118450981
1,4,"GSM615205","RD","RD",0.0350042326790263
1,4,"GSM615213","pCR","pCR",0.584056591954355
1,4,"GSM615218","RD","RD",0.0110184198773434
1,4,"GSM615220","RD","RD",0.0628079697568997
1,4,"GSM615225","RD","RD",0.282073582015536
1,4,"GSM615227","RD","RD",0.0154320926565533
1,4,"GSM615239","RD","RD",0.0644065723245985
1,4,"GSM615241","RD","RD",0.073327452334098
1,4,"GSM615243","RD","RD",0.0718303384090893
1,4,"GSM615250","RD","RD",0.180282138951277
1,4,"GSM615251","RD","RD",0.0227267388373054
1,4,"GSM615252","RD","RD",0.0140094020302755
1,4,"GSM615258","RD","RD",0.150032230559034
1,4,"GSM615267","RD","RD",0.0407002783978955
1,4,"GSM615268","RD","RD",0.145999373593602
1,4,"GSM615275","RD","RD",0.46923805229959
1,4,"GSM615277","RD","RD",0.296035736242286
1,4,"GSM615283","RD","RD",0.086969717699732
1,4,"GSM615288","RD","RD",0.465976374099623
1,4,"GSM615290","RD","RD",0.0470908137131962
1,4,"GSM615299","RD","RD",0.00995941915992471
1,4,"GSM615303","RD","RD",0.0594832960354463
1,4,"GSM615307","pCR","RD",0.269413275155201
1,4,"GSM615309","RD","RD",0.124878541291055
1,4,"GSM615311","RD","RD",0.0114781992717681
1,4,"GSM615314","RD","RD",0.0242881779680572
1,4,"GSM615316","RD","RD",0.0211343811819368
1,4,"GSM615319","RD","RD",0.267404587078097
1,4,"GSM615323","RD","RD",0.128301733117834
1,4,"GSM615325","pCR","RD",0.499555030113615
1,4,"GSM615332","RD","RD",0.19377508537569
1,4,"GSM615333","RD","RD",0.0778947511500186
1,4,"GSM615334","pCR","RD",0.354842284618386
1,4,"GSM615336","pCR","pCR",0.592726795724456
1,4,"GSM615338","pCR","RD",0.26744110179055
1,4,"GSM615341","RD","RD",0.124040038107298
1,4,"GSM615343","RD","RD",0.0477063530008678
1,4,"GSM615346","RD","RD",0.238605591634421
1,4,"GSM615350","RD","RD",0.0424522244711448
1,4,"GSM615365","RD","RD",0.0106683123604649
1,4,"GSM615376","RD","RD",0.106925987313922
1,4,"GSM615396","pCR","pCR",0.501587735047783
1,4,"GSM615400","RD","RD",0.0173889309823486
1,5,"GSM615096","RD","RD",0.0115425009866494
1,5,"GSM615107","RD","RD",0.0548391221310338
1,5,"GSM615110","pCR","RD",0.419016025286273
1,5,"GSM615113","RD","RD",0.384123181584211
1,5,"GSM615114","RD","RD",0.210514719604441
1,5,"GSM615122","pCR","RD",0.109241596402651
1,5,"GSM615123","pCR","RD",0.207505815639609
1,5,"GSM615128","RD","RD",0.0190315672648795
1,5,"GSM615152","RD","RD",0.290306555342955
1,5,"GSM615155","RD","RD",0.0435178461833438
1,5,"GSM615161","RD","RD",0.0153906232687179
1,5,"GSM615164","pCR","RD",0.397391686272546
1,5,"GSM615166","RD","RD",0.205400633183173
1,5,"GSM615177","RD","RD",0.0183534185045023
1,5,"GSM615178","RD","RD",0.163528047946426
1,5,"GSM615181","pCR","pCR",0.551938125877162
1,5,"GSM615182","RD","RD",0.0192690073526536
1,5,"GSM615190","RD","pCR",0.600466739307351
1,5,"GSM615191","pCR","RD",0.322946777248872
1,5,"GSM615207","RD","RD",0.0286224683673277
1,5,"GSM615208","RD","RD",0.233003309208961
1,5,"GSM615215","pCR","RD",0.056668412633065
1,5,"GSM615217","RD","RD",0.0841928951200607
1,5,"GSM615222","RD","RD",0.238774737554203
1,5,"GSM615229","RD","RD",0.0783059606529768
1,5,"GSM615232","RD","RD",0.0114573246894506
1,5,"GSM615233","RD","RD",0.0901344836660253
1,5,"GSM615234","RD","RD",0.257196010194564
1,5,"GSM615238","RD","RD",0.183556429417967
1,5,"GSM615242","pCR","RD",0.299516223225221
1,5,"GSM615244","RD","pCR",0.619010127208693
1,5,"GSM615249","RD","RD",0.015839487962483
1,5,"GSM615254","RD","RD",0.42991905862245
1,5,"GSM615266","RD","RD",0.0968183737763905
1,5,"GSM615278","RD","RD",0.119152025768107
1,5,"GSM615279","RD","RD",0.0618972491934382
1,5,"GSM615291","pCR","pCR",0.500926168132863
1,5,"GSM615292","RD","RD",0.499118481826069
1,5,"GSM615293","pCR","RD",0.323639713226553
1,5,"GSM615298","RD","RD",0.109735816812393
1,5,"GSM615305","RD","RD",0.264523705800734
1,5,"GSM615315","RD","RD",0.473747859723664
1,5,"GSM615317","RD","RD",0.2485269057301
1,5,"GSM615320","RD","RD",0.148914953437071
1,5,"GSM615327","RD","RD",0.387959775253777
1,5,"GSM615328","RD","RD",0.0770342779472668
1,5,"GSM615349","RD","RD",0.0567212150563813
1,5,"GSM615358","RD","RD",0.0307277675449377
1,5,"GSM615364","RD","RD",0.40823597008516
1,5,"GSM615367","RD","RD",0.0811619706623834
1,5,"GSM615372","RD","RD",0.425441983393847
1,5,"GSM615374","RD","RD",0.0669685193790976
1,5,"GSM615378","RD","RD",0.156904205353195
1,5,"GSM615381","RD","RD",0.146406015634523
1,5,"GSM615383","pCR","RD",0.318172675714726
1,5,"GSM615385","RD","RD",0.179980200153284
1,5,"GSM615386","RD","RD",0.0109586905374
1,5,"GSM615387","RD","RD",0.13980636908932
1,5,"GSM615391","RD","RD",0.190517679356907
1,5,"GSM615403","RD","pCR",0.811385101094432
1,5,"GSM615404","RD","RD",0.20527371355514
2,1,"GSM615100","RD","RD",0.118004241225712
2,1,"GSM615101","RD","RD",0.231183385441052
2,1,"GSM615108","RD","RD",0.0575442098626052
2,1,"GSM615114","RD","RD",0.166455236220318
2,1,"GSM615115","RD","RD",0.163864375367328
2,1,"GSM615117","RD","RD",0.241239760866055
2,1,"GSM615121","RD","RD",0.116359850435813
2,1,"GSM615124","RD","RD",0.174273697978088
2,1,"GSM615128","RD","RD",0.136238291044435
2,1,"GSM615130","RD","RD",0.0826702064653261
2,1,"GSM615146","pCR","RD",0.289486785002859
2,1,"GSM615159","RD","RD",0.240233272503392
2,1,"GSM615166","RD","RD",0.271178775300659
2,1,"GSM615184","RD","RD",0.35195924628215
2,1,"GSM615185","RD","RD",0.0443678186303775
2,1,"GSM615187","RD","RD",0.0981049894266607
2,1,"GSM615194","pCR","RD",0.223546916823109
2,1,"GSM615198","RD","RD",0.446920828794943
2,1,"GSM615209","pCR","RD",0.212258382879205
2,1,"GSM615211","pCR","RD",0.304014753042157
2,1,"GSM615212","pCR","RD",0.158311170410765
2,1,"GSM615213","pCR","RD",0.464993404330528
2,1,"GSM615224","RD","RD",0.291940232668165
2,1,"GSM615229","RD","RD",0.106661768563197
2,1,"GSM615231","RD","RD",0.405491725613738
2,1,"GSM615243","RD","RD",0.0550024484206832
2,1,"GSM615245","RD","RD",0.131351205681797
2,1,"GSM615246","RD","RD",0.287795229595192
2,1,"GSM615253","RD","RD",0.0369541922761311
2,1,"GSM615258","RD","RD",0.273138758743134
2,1,"GSM615264","pCR","RD",0.320503248891488
2,1,"GSM615267","RD","RD",0.0875873653486939
2,1,"GSM615270","pCR","RD",0.209246619696676
2,1,"GSM615278","RD","RD",0.106956950020485
2,1,"GSM615280","pCR","RD",0.18981479950276
2,1,"GSM615288","RD","RD",0.294330896107782
2,1,"GSM615293","pCR","RD",0.187593156899053
2,1,"GSM615297","RD","RD",0.11197847644697
2,1,"GSM615301","RD","RD",0.308370832697783
2,1,"GSM615304","RD","RD",0.101382280305996
2,1,"GSM615308","RD","RD",0.0855804428216931
2,1,"GSM615311","RD","RD",0.0250909649136674
2,1,"GSM615326","RD","RD",0.346828147715843
2,1,"GSM615331","pCR","RD",0.100890042993311
2,1,"GSM615332","RD","RD",0.216776064482184
2,1,"GSM615339","RD","RD",0.143382790666869
2,1,"GSM615340","RD","RD",0.138680585344652
2,1,"GSM615341","RD","RD",0.109351024453436
2,1,"GSM615347","RD","RD",0.208830836264649
2,1,"GSM615349","RD","RD",0.053181889969893
2,1,"GSM615355","RD","RD",0.1734964097594
2,1,"GSM615360","RD","RD",0.112249137363374
2,1,"GSM615363","RD","RD",0.246871865131393
2,1,"GSM615366","RD","RD",0.0656569375296527
2,1,"GSM615381","RD","RD",0.14083604477896
2,1,"GSM615385","RD","RD",0.106197703245687
2,1,"GSM615386","RD","RD",0.0254502331848834
2,1,"GSM615388","RD","RD",0.0712804294653909
2,1,"GSM615392","RD","RD",0.212854655850445
2,1,"GSM615395","RD","RD",0.11921910325443
2,1,"GSM615403","RD","RD",0.381475717679641
2,2,"GSM615099","pCR","RD",0.223615444073504
2,2,"GSM615104","RD","RD",0.272968000628882
2,2,"GSM615110","pCR","pCR",0.571693495116992
2,2,"GSM615122","pCR","RD",0.0556127768995449
2,2,"GSM615132","RD","RD",0.08665192036075
2,2,"GSM615137","pCR","RD",0.373851517332354
2,2,"GSM615140","pCR","RD",0.145476286183148
2,2,"GSM615144","RD","RD",0.0512363101246953
2,2,"GSM615161","RD","RD",0.0749324114862345
2,2,"GSM615165","RD","RD",0.0921028301104047
2,2,"GSM615167","pCR","RD",0.313738270722479
2,2,"GSM615168","RD","RD",0.0334785925446478
2,2,"GSM615172","RD","RD",0.0530907384371746
2,2,"GSM615175","pCR","RD",0.182338702088581
2,2,"GSM615189","RD","RD",0.464368230588307
2,2,"GSM615192","RD","RD",0.0602612546060473
2,2,"GSM615201","pCR","RD",0.182915660281308
2,2,"GSM615207","RD","RD",0.011990091465485
2,2,"GSM615208","RD","RD",0.275326679096552
2,2,"GSM615216","RD","RD",0.0252257840205676
2,2,"GSM615222","RD","RD",0.279254464270887
2,2,"GSM615227","RD","RD",0.0502390484380847
2,2,"GSM615228","RD","RD",0.0716793378180584
2,2,"GSM615232","RD","RD",0.0233754067867207
2,2,"GSM615236","RD","RD",0.0364861771212605
2,2,"GSM615237","RD","RD",0.0611314924194618
2,2,"GSM615238","RD","RD",0.190313604850357
2,2,"GSM615240","pCR","RD",0.312668543455108
2,2,"GSM615248","RD","RD",0.0946402945095954
2,2,"GSM615259","RD","RD",0.0777909888392457
2,2,"GSM615268","RD","RD",0.143341153961107
2,2,"GSM615273","RD","RD",0.0142740945427241
2,2,"GSM615277","RD","RD",0.139439435498035
2,2,"GSM615281","RD","RD",0.0588270549697422
2,2,"GSM615286","RD","RD",0.295257245678403
2,2,"GSM615289","RD","RD",0.0288652665677737
2,2,"GSM615296","RD","RD",0.0763527369004986
2,2,"GSM615298","RD","RD",0.109075301610323
2,2,"GSM615309","RD","RD",0.0610689146180972
2,2,"GSM615314","RD","RD",0.0221740178009544
2,2,"GSM615315","RD","pCR",0.506929055489789
2,2,"GSM615316","RD","RD",0.0158374373610675
2,2,"GSM615317","RD","RD",0.226439371965941
2,2,"GSM615334","pCR","RD",0.452373084666081
2,2,"GSM615337","RD","RD",0.120524732543938
2,2,"GSM615342","RD","RD",0.0503737100386376
2,2,"GSM615343","RD","RD",0.0895856276230639
2,2,"GSM615344","RD","RD",0.0894436607043265
2,2,"GSM615346","RD","RD",0.341776930542601
2,2,"GSM615348","RD","RD",0.324921115627564
2,2,"GSM615350","RD","RD",0.0588327713392572
2,2,"GSM615352","RD","RD",0.031598876044474
2,2,"GSM615353","pCR","RD",0.36935108024205
2,2,"GSM615361","RD","RD",0.0330436685898984
2,2,"GSM615368","RD","RD",0.109122485572869
2,2,"GSM615370","RD","RD",0.081442911292474
2,2,"GSM615371","pCR","RD",0.276441805579719
2,2,"GSM615377","RD","RD",0.0479959553088347
2,2,"GSM615382","RD","RD",0.152007126787155
2,2,"GSM615384","RD","RD",0.0544655887750831
2,2,"GSM615399","RD","RD",0.0397174151905882
2,2,"GSM615402","RD","RD",0.0166681242916504
2,3,"GSM615096","RD","RD",0.0260553025892943
2,3,"GSM615102","RD","RD",0.154452443700488
2,3,"GSM615106","RD","RD",0.452411658042798
2,3,"GSM615107","RD","RD",0.164623467002081
2,3,"GSM615111","RD","RD",0.26734739118307
2,3,"GSM615127","RD","RD",0.130296177991528
2,3,"GSM615133","RD","RD",0.141594842914082
2,3,"GSM615134","RD","RD",0.0782343201364113
2,3,"GSM615135","RD","RD",0.0247165587210307
2,3,"GSM615136","RD","RD",0.299729949246397
2,3,"GSM615141","RD","RD",0.163243533186077
2,3,"GSM615142","RD","RD",0.155921451254869
2,3,"GSM615145","RD","RD",0.142400125923181
2,3,"GSM615151","RD","RD",0.25091719563659
2,3,"GSM615162","RD","RD",0.0858783231321175
2,3,"GSM615170","RD","RD",0.169520456232668
2,3,"GSM615171","pCR","RD",0.334009404921006
2,3,"GSM615173","RD","RD",0.249703304101596
2,3,"GSM615177","RD","RD",0.113650565076796
2,3,"GSM615180","RD","RD",0.13161105515837
2,3,"GSM615190","RD","RD",0.345874717552946
2,3,"GSM615196","RD","RD",0.0562234058300882
2,3,"GSM615200","RD","RD",0.0370968585838797
2,3,"GSM615202","pCR","RD",0.394814214861381
2,3,"GSM615204","RD","RD",0.218518374563119
2,3,"GSM615210","RD","RD",0.090194374652013
2,3,"GSM615214","RD","RD",0.0371422841941038
2,3,"GSM615218","RD","RD",0.0262974903929365
2,3,"GSM615221","RD","RD",0.113929240603643
2,3,"GSM615256","pCR","RD",0.356730075925902
2,3,"GSM615257","RD","RD",0.143279053576039
2,3,"GSM615260","RD","RD",0.0432725322378258
2,3,"GSM615263","pCR","RD",0.129743353375213
2,3,"GSM615269","RD","RD",0.250725087155158
2,3,"GSM615272","RD","RD",0.0521807892224013
2,3,"GSM615279","RD","RD",0.0744312719233414
2,3,"GSM615283","RD","RD",0.120833496763969
2,3,"GSM615285","RD","RD",0.0637595764292392
2,3,"GSM615290","RD","RD",0.138643167015397
2,3,"GSM615294","RD","pCR",0.504046444593095
2,3,"GSM615302","RD","RD",0.0488118476179588
2,3,"GSM615313","RD","RD",0.185896886715753
2,3,"GSM615322","RD","RD",0.0849342274775694
2,3,"GSM615323","RD","RD",0.15809540978609
2,3,"GSM615324","pCR","RD",0.180702265048057
2,3,"GSM615333","RD","RD",0.134606806550627
2,3,"GSM615335","RD","RD",0.362193740356623
2,3,"GSM615336","pCR","RD",0.358412922184984
2,3,"GSM615338","pCR","RD",0.177985245575564
2,3,"GSM615356","RD","RD",0.098380548465053
2,3,"GSM615359","pCR","RD",0.24931599115538
2,3,"GSM615372","RD","RD",0.247690445438231
2,3,"GSM615374","RD","RD",0.126863631271809
2,3,"GSM615375","pCR","RD",0.294938854584305
2,3,"GSM615376","RD","RD",0.139350734801919
2,3,"GSM615380","RD","RD",0.222259440891477
2,3,"GSM615383","pCR","RD",0.124665111167425
2,3,"GSM615390","RD","RD",0.0842914887840109
2,3,"GSM615394","pCR","RD",0.252317893711372
2,3,"GSM615396","pCR","RD",0.373681918536383
2,3,"GSM615400","RD","RD",0.0341425351474401
2,3,"GSM615401","RD","RD",0.186752331109258
2,4,"GSM615103","RD","RD",0.0681862705558112
2,4,"GSM615112","RD","RD",0.319714928380039
2,4,"GSM615113","RD","RD",0.348342717247635
2,4,"GSM615116","RD","RD",0.145249145159086
2,4,"GSM615120","RD","RD",0.251386129615696
2,4,"GSM615123","pCR","RD",0.215407307825959
2,4,"GSM615125","RD","RD",0.326541595240748
2,4,"GSM615126","RD","RD",0.0824597999876346
2,4,"GSM615129","RD","RD",0.100440779475008
2,4,"GSM615131","RD","RD",0.13825958498515
2,4,"GSM615138","RD","RD",0.05049332400964
2,4,"GSM615139","pCR","pCR",0.593887989845318
2,4,"GSM615147","RD","RD",0.185101078946001
2,4,"GSM615152","RD","RD",0.126539962357352
2,4,"GSM615153","RD","RD",0.319448945422036
2,4,"GSM615154","pCR","RD",0.216350991261434
2,4,"GSM615157","RD","RD",0.079472506917926
2,4,"GSM615174","RD","RD",0.00816295302931214
2,4,"GSM615178","RD","RD",0.169247080509999
2,4,"GSM615181","pCR","RD",0.294651573052534
2,4,"GSM615199","RD","RD",0.0977272840959659
2,4,"GSM615203","RD","RD",0.0375862607698597
2,4,"GSM615206","RD","RD",0.0524493579516178
2,4,"GSM615217","RD","RD",0.14814619378022
2,4,"GSM615219","RD","RD",0.116880090158645
2,4,"GSM615220","RD","RD",0.11233178927308
2,4,"GSM615225","RD","RD",0.35892794398428
2,4,"GSM615226","RD","RD",0.0681080761605724
2,4,"GSM615230","RD","RD",0.273753395700906
2,4,"GSM615234","RD","RD",0.169471914138648
2,4,"GSM615239","RD","RD",0.104151520747202
2,4,"GSM615242","pCR","RD",0.134315747449886
2,4,"GSM615244","RD","RD",0.24585737529036
2,4,"GSM615247","RD","RD",0.264686494028615
2,4,"GSM615249","RD","RD",0.0183797317709206
2,4,"GSM615252","RD","RD",0.0086632472916367
2,4,"GSM615255","RD","RD",0.236824380292221
2,4,"GSM615265","RD","RD",0.154395684189266
2,4,"GSM615266","RD","RD",0.152192611225349
2,4,"GSM615271","RD","RD",0.230211812769046
2,4,"GSM615275","RD","pCR",0.562458664556198
2,4,"GSM615282","RD","RD",0.371431207027554
2,4,"GSM615284","pCR","RD",0.179723408758225
2,4,"GSM615287","RD","RD",0.0946318151884097
2,4,"GSM615300","pCR","RD",0.120701018751645
2,4,"GSM615303","RD","RD",0.046983315688123
2,4,"GSM615310","pCR","RD",0.377651029701767
2,4,"GSM615312","RD","RD",0.432979478353412
2,4,"GSM615321","RD","RD",0.0555404227006421
2,4,"GSM615329","RD","RD",0.0604050676763473
2,4,"GSM615345","RD","RD",0.0446147918831675
2,4,"GSM615351","RD","RD",0.105140046519205
2,4,"GSM615354","pCR","RD",0.440782696403966
2,4,"GSM615358","RD","RD",0.037594806215408
2,4,"GSM615362","RD","RD",0.025978372353378
2,4,"GSM615373","RD","RD",0.0349451768824804
2,4,"GSM615378","RD","RD",0.154085699198982
2,4,"GSM615389","RD","RD",0.161678872936677
2,4,"GSM615393","pCR","RD",0.187224308863722
2,4,"GSM615397","pCR","RD",0.446167529491729
2,4,"GSM615404","RD","RD",0.0535629687880921
2,5,"GSM615097","RD","RD",0.112220132417325
2,5,"GSM615098","RD","RD",0.210213735114543
2,5,"GSM615109","RD","RD",0.10986720569484
2,5,"GSM615143","pCR","RD",0.448359206717634
2,5,"GSM615148","RD","RD",0.157800560105443
2,5,"GSM615149","RD","RD",0.205964427814786
2,5,"GSM615150","RD","RD",0.00751216251584652
2,5,"GSM615155","RD","RD",0.0626766659093653
2,5,"GSM615156","RD","RD",0.179217599272052
2,5,"GSM615158","RD","RD",0.0234330314841752
2,5,"GSM615160","RD","RD",0.245560701690252
2,5,"GSM615164","pCR","RD",0.383487680508908
2,5,"GSM615169","RD","RD",0.195419879140328
2,5,"GSM615176","RD","RD",0.221979072760112
2,5,"GSM615179","RD","RD",0.0611764031758776
2,5,"GSM615182","RD","RD",0.0250571603241312
2,5,"GSM615183","RD","RD",0.207997532719065
2,5,"GSM615186","pCR","RD",0.132513812493644
2,5,"GSM615188","RD","RD",0.0961210145913644
2,5,"GSM615191","pCR","RD",0.47318315991035
2,5,"GSM615193","pCR","RD",0.140428878235315
2,5,"GSM615195","RD","RD",0.194375660153622
2,5,"GSM615197","RD","RD",0.044947000335709
2,5,"GSM615205","RD","RD",0.0542245640371776
2,5,"GSM615215","pCR","RD",0.0929339490416484
2,5,"GSM615223","RD","RD",0.261783692197596
2,5,"GSM615233","RD","RD",0.0789877653076909
2,5,"GSM615235","RD","RD",0.0037532964086493
2,5,"GSM615241","RD","RD",0.229492565135931
2,5,"GSM615250","RD","RD",0.0787820695207159
2,5,"GSM615251","RD","RD",0.233922770725307
2,5,"GSM615254","RD","RD",0.398872815833771
2,5,"GSM615261","RD","RD",0.0441001026377285
2,5,"GSM615262","RD","RD",0.0469180761553195
2,5,"GSM615274","RD","RD",0.299288141351262
2,5,"GSM615276","RD","RD",0.381032227137401
2,5,"GSM615291","pCR","RD",0.308454156998643
2,5,"GSM615292","RD","pCR",0.524422755170672
2,5,"GSM615295","RD","RD",0.0652185484451107
2,5,"GSM615299","RD","RD",0.0313322587975503
2,5,"GSM615305","RD","RD",0.281275464467469
2,5,"GSM615306","RD","RD",0.0835381898678687
2,5,"GSM615307","pCR","RD",0.185764310011739
2,5,"GSM615318","RD","RD",0.0642334873432058
2,5,"GSM615319","RD","RD",0.172948165742058
2,5,"GSM615320","RD","RD",0.373475611432676
2,5,"GSM615325","pCR","pCR",0.605694092754221
2,5,"GSM615327","RD","RD",0.41784088779373
2,5,"GSM615328","RD","RD",0.0505323467556947
2,5,"GSM615330","RD","RD",0.483246075106009
2,5,"GSM615357","pCR","RD",0.463664539856302
2,5,"GSM615364","RD","RD",0.363056056676631
2,5,"GSM615365","RD","RD",0.00451840918712076
2,5,"GSM615367","RD","RD",0.0561857630376955
2,5,"GSM615369","RD","RD",0.488415607395808
2,5,"GSM615379","pCR","RD",0.272662365117124
2,5,"GSM615387","RD","RD",0.0519495897596322
2,5,"GSM615391","RD","RD",0.110132505432328
2,5,"GSM615398","RD","RD",0.212031843759345
2,5,"GSM615405","RD","RD",0.0799972932955176
3,1,"GSM615099","pCR","RD",0.347118806869627
3,1,"GSM615100","RD","RD",0.0784077151229282
3,1,"GSM615112","RD","RD",0.131818558250348
3,1,"GSM615113","RD","RD",0.36152058193299
3,1,"GSM615123","pCR","RD",0.201768918898815
3,1,"GSM615128","RD","RD",0.0945370718168449
3,1,"GSM615132","RD","RD",0.243198436078676
3,1,"GSM615133","RD","RD",0.0906340940400505
3,1,"GSM615135","RD","RD",0.0370717938619786
3,1,"GSM615137","pCR","RD",0.457391328776039
3,1,"GSM615147","RD","RD",0.119623396358453
3,1,"GSM615150","RD","RD",0.0171710164768983
3,1,"GSM615151","RD","RD",0.291657739770171
3,1,"GSM615160","RD","RD",0.268894486462087
3,1,"GSM615171","pCR","RD",0.31355310284629
3,1,"GSM615172","RD","RD",0.118234569678171
3,1,"GSM615173","RD","RD",0.126157034782028
3,1,"GSM615174","RD","RD",0.0473055345298105
3,1,"GSM615177","RD","RD",0.0524532936984649
3,1,"GSM615185","RD","RD",0.0963755822561544
3,1,"GSM615186","pCR","RD",0.275098607988414
3,1,"GSM615188","RD","RD",0.167970532027743
3,1,"GSM615189","RD","RD",0.189425385656947
3,1,"GSM615197","RD","RD",0.0944890142198385
3,1,"GSM615198","RD","RD",0.186588530262044
3,1,"GSM615203","RD","RD",0.0621049684081068
3,1,"GSM615212","pCR","RD",0.322655044854155
3,1,"GSM615219","RD","RD",0.139294443551641
3,1,"GSM615221","RD","RD",0.0815830592283526
3,1,"GSM615222","RD","RD",0.24461081260669
3,1,"GSM615231","RD","RD",0.285833785415614
3,1,"GSM615233","RD","RD",0.0897517726959186
3,1,"GSM615235","RD","RD",0.00559965401194307
3,1,"GSM615243","RD","RD",0.181026254016791
3,1,"GSM615245","RD","RD",0.130282005902541
3,1,"GSM615250","RD","RD",0.380080618517457
3,1,"GSM615254","RD","RD",0.280962699863986
3,1,"GSM615259","RD","RD",0.0637406325207643
3,1,"GSM615270","pCR","RD",0.154878793313617
3,1,"GSM615271","RD","RD",0.25711570211063
3,1,"GSM615276","RD","pCR",0.657021213488144
3,1,"GSM615283","RD","RD",0.15923897185809
3,1,"GSM615285","RD","RD",0.0341737410902607
3,1,"GSM615295","RD","RD",0.111488960533599
3,1,"GSM615310","pCR","RD",0.421058256130371
3,1,"GSM615313","RD","RD",0.253664630999872
3,1,"GSM615315","RD","RD",0.494994632386719
3,1,"GSM615324","pCR","RD",0.403325030883332
3,1,"GSM615326","RD","RD",0.293591851498593
3,1,"GSM615327","RD","RD",0.306030540267279
3,1,"GSM615329","RD","RD",0.115172647034201
3,1,"GSM615332","RD","RD",0.204218980374351
3,1,"GSM615341","RD","RD",0.0481278314600911
3,1,"GSM615356","RD","RD",0.16730256265191
3,1,"GSM615357","pCR","RD",0.291229213890773
3,1,"GSM615361","RD","RD",0.0765383870488365
3,1,"GSM615371","pCR","RD",0.399083157022122
3,1,"GSM615372","RD","RD",0.273520248612873
3,1,"GSM615385","RD","RD",0.192138860129455
3,1,"GSM615392","RD","RD",0.279130424606745
3,1,"GSM615404","RD","RD",0.067539853491223
3,2,"GSM615096","RD","RD",0.0963789164173244
3,2,"GSM615098","RD","RD",0.167647556085443
3,2,"GSM615101","RD","RD",0.250662527061635
3,2,"GSM615109","RD","RD",0.232641499954249
3,2,"GSM615114","RD","RD",0.152521183394794
3,2,"GSM615126","RD","RD",0.107011836973179
3,2,"GSM615134","RD","RD",0.132140645389801
3,2,"GSM615141","RD","RD",0.211171442038835
3,2,"GSM615143","pCR","RD",0.339598967170793
3,2,"GSM615146","pCR","RD",0.291123975376228
3,2,"GSM615149","RD","RD",0.184633575819192
3,2,"GSM615154","pCR","RD",0.229788558112715
3,2,"GSM615156","RD","RD",0.248456116336862
3,2,"GSM615161","RD","RD",0.130533425780334
3,2,"GSM615164","pCR","RD",0.331077251523044
3,2,"GSM615176","RD","RD",0.245828973135946
3,2,"GSM615187","RD","RD",0.0645413444361422
3,2,"GSM615192","RD","RD",0.138217867921618
3,2,"GSM615194","pCR","RD",0.258777796936958
3,2,"GSM615208","RD","RD",0.211947445413664
3,2,"GSM615209","pCR","RD",0.328219158322718
3,2,"GSM615210","RD","RD",0.108973532812487
3,2,"GSM615216","RD","RD",0.134982376898701
3,2,"GSM615217","RD","RD",0.14153507537522
3,2,"GSM615226","RD","RD",0.061403246615942
3,2,"GSM615229","RD","RD",0.208148218714674
3,2,"GSM615240","pCR","RD",0.460286739999673
3,2,"GSM615241","RD","RD",0.239936571024084
3,2,"GSM615252","RD","RD",0.0249645505860314
3,2,"GSM615255","RD","RD",0.126375224799999
3,2,"GSM615257","RD","RD",0.158549093099453
3,2,"GSM615266","RD","RD",0.091747407266067
3,2,"GSM615268","RD","RD",0.0480638143867701
3,2,"GSM615272","RD","RD",0.0268772173043162
3,2,"GSM615274","RD","RD",0.300735958472801
3,2,"GSM615278","RD","RD",0.185547024071836
3,2,"GSM615288","RD","RD",0.292063339066832
3,2,"GSM615289","RD","RD",0.0939764210761679
3,2,"GSM615290","RD","RD",0.0519402216772707
3,2,"GSM615293","pCR","RD",0.369132298390576
3,2,"GSM615300","pCR","RD",0.108231315712195
3,2,"GSM615301","RD","RD",0.273591249144582
3,2,"GSM615305","RD","RD",0.296181503219938
3,2,"GSM615307","pCR","RD",0.204489618165876
3,2,"GSM615318","RD","RD",0.0817164063715933
3,2,"GSM615322","RD","RD",0.162727375200837
3,2,"GSM615325","pCR","pCR",0.53826298663574
3,2,"GSM615328","RD","RD",0.137053792318825
3,2,"GSM615347","RD","RD",0.183981129045281
3,2,"GSM615351","RD","RD",0.135629199007858
3,2,"GSM615355","RD","RD",0.0976100348529088
3,2,"GSM615360","RD","RD",0.136597591205525
3,2,"GSM615363","RD","RD",0.257548112875438
3,2,"GSM615366","RD","RD",0.150054310849049
3,2,"GSM615369","RD","RD",0.436561756014346
3,2,"GSM615370","RD","RD",0.120942991925322
3,2,"GSM615376","RD","RD",0.131166725357053
3,2,"GSM615379","pCR","RD",0.285097709002459
3,2,"GSM615388","RD","RD",0.119503630613613
3,2,"GSM615389","RD","RD",0.272199198635601
3,2,"GSM615405","RD","RD",0.0976107071268317
3,3,"GSM615103","RD","RD",0.179142207381533
3,3,"GSM615108","RD","RD",0.0587048290624519
3,3,"GSM615115","RD","RD",0.140657375142377
3,3,"GSM615120","RD","RD",0.16887304261475
3,3,"GSM615122","pCR","RD",0.0481848780356982
3,3,"GSM615125","RD","RD",0.399547352186028
3,3,"GSM615129","RD","RD",0.0332456449841969
3,3,"GSM615130","RD","RD",0.0184612757901782
3,3,"GSM615139","pCR","pCR",0.52126068787556
3,3,"GSM615140","pCR","RD",0.0844024457481499
3,3,"GSM615148","RD","RD",0.21836186141497
3,3,"GSM615158","RD","RD",0.00163200961131971
3,3,"GSM615162","RD","RD",0.0669512631874017
3,3,"GSM615166","RD","RD",0.132918284925459
3,3,"GSM615170","RD","RD",0.0183527420973474
3,3,"GSM615179","RD","RD",0.0335904228942465
3,3,"GSM615180","RD","RD",0.0700523811290745
3,3,"GSM615182","RD","RD",0.0147727498577943
3,3,"GSM615196","RD","RD",0.0844224344984253
3,3,"GSM615199","RD","RD",0.0135623283098925
3,3,"GSM615206","RD","RD",0.0322868321611913
3,3,"GSM615207","RD","RD",0.00936496654162666
3,3,"GSM615211","pCR","pCR",0.632387533409034
3,3,"GSM615213","pCR","pCR",0.716543788145978
3,3,"GSM615215","pCR","RD",0.0286427114326734
3,3,"GSM615220","RD","RD",0.0829343919632114
3,3,"GSM615230","RD","RD",0.119998771147738
3,3,"GSM615232","RD","RD",0.00892598131494426
3,3,"GSM615238","RD","RD",0.0692389658804121
3,3,"GSM615242","pCR","RD",0.165001621299958
3,3,"GSM615246","RD","RD",0.207408967646926
3,3,"GSM615251","RD","RD",0.0305002965065566
3,3,"GSM615260","RD","RD",0.0319607960857581
3,3,"GSM615261","RD","RD",0.0718055567346225
3,3,"GSM615262","RD","RD",0.0336231248897412
3,3,"GSM615273","RD","RD",0.00311631198378859
3,3,"GSM615275","RD","pCR",0.59377731605051
3,3,"GSM615280","pCR","RD",0.090937759947465
3,3,"GSM615292","RD","RD",0.31805499021128
3,3,"GSM615296","RD","RD",0.0492825828999016
3,3,"GSM615297","RD","RD",0.124264514875974
3,3,"GSM615299","RD","RD",0.00723402091398762
3,3,"GSM615302","RD","RD",0.0400379727675249
3,3,"GSM615304","RD","RD",0.102356084863134
3,3,"GSM615306","RD","RD",0.0945992351565148
3,3,"GSM615309","RD","RD",0.129904477354266
3,3,"GSM615311","RD","RD",0.00962682021113603
3,3,"GSM615319","RD","RD",0.273558593028074
3,3,"GSM615330","RD","RD",0.120610382066113
3,3,"GSM615336","pCR","pCR",0.662637556551803
3,3,"GSM615340","RD","RD",0.022103049799079
3,3,"GSM615345","RD","RD",0.0377238498158126
3,3,"GSM615346","RD","RD",0.16951507194367
3,3,"GSM615350","RD","RD",0.0186210304579364
3,3,"GSM615358","RD","RD",0.0392182743392974
3,3,"GSM615359","pCR","RD",0.248228614070917
3,3,"GSM615362","RD","RD",0.00359192335513847
3,3,"GSM615367","RD","RD",0.147692426481808
3,3,"GSM615375","pCR","RD",0.181451157546659
3,3,"GSM615380","RD","RD",0.215583683554199
3,3,"GSM615391","RD","RD",0.191489904963128
3,4,"GSM615102","RD","RD",0.140475127891904
3,4,"GSM615104","RD","RD",0.101473019831713
3,4,"GSM615107","RD","RD",0.16164484177529
3,4,"GSM615110","pCR","RD",0.172409772711962
3,4,"GSM615111","RD","RD",0.245880879067791
3,4,"GSM615121","RD","RD",0.0173698467521451
3,4,"GSM615145","RD","RD",0.189248164356084
3,4,"GSM615152","RD","RD",0.0817117265044316
3,4,"GSM615155","RD","RD",0.0709771120698981
3,4,"GSM615159","RD","RD",0.287295409774453
3,4,"GSM615165","RD","RD",0.1132984906396
3,4,"GSM615175","pCR","RD",0.278356757218793
3,4,"GSM615183","RD","RD",0.117622151037693
3,4,"GSM615191","pCR","pCR",0.506956284450122
3,4,"GSM615200","RD","RD",0.0552420714851453
3,4,"GSM615201","pCR","RD",0.190149383191715
3,4,"GSM615204","RD","RD",0.26978871835185
3,4,"GSM615218","RD","RD",0.0358584239485259
3,4,"GSM615224","RD","RD",0.245778798868456
3,4,"GSM615225","RD","RD",0.407048586210227
3,4,"GSM615227","RD","RD",0.0615063585252976
3,4,"GSM615228","RD","RD",0.0904905668268818
3,4,"GSM615247","RD","RD",0.119164256088159
3,4,"GSM615248","RD","RD",0.113849273588455
3,4,"GSM615249","RD","RD",0.0143933480934909
3,4,"GSM615253","RD","RD",0.02272938177718
3,4,"GSM615263","pCR","RD",0.114542665071424
3,4,"GSM615267","RD","RD",0.0404166848996609
3,4,"GSM615269","RD","RD",0.498097144775817
3,4,"GSM615287","RD","RD",0.115930044157386
3,4,"GSM615291","pCR","RD",0.185141014498491
3,4,"GSM615298","RD","RD",0.0374838825684076
3,4,"GSM615303","RD","RD",0.0858778136418721
3,4,"GSM615314","RD","RD",0.0539488810171566
3,4,"GSM615317","RD","RD",0.258420230251342
3,4,"GSM615320","RD","RD",0.173670076703582
3,4,"GSM615323","RD","RD",0.0967422668432747
3,4,"GSM615331","pCR","RD",0.0294200679143126
3,4,"GSM615334","pCR","pCR",0.549020184935036
3,4,"GSM615335","RD","pCR",0.576385891554239
3,4,"GSM615337","RD","RD",0.327806577876883
3,4,"GSM615343","RD","RD",0.0356850979606681
3,4,"GSM615344","RD","RD",0.0669972580160559
3,4,"GSM615348","RD","RD",0.337380231028979
3,4,"GSM615349","RD","RD",0.0338913949973489
3,4,"GSM615353","pCR","RD",0.301570306076253
3,4,"GSM615373","RD","RD",0.0552460996233294
3,4,"GSM615377","RD","RD",0.0453067775982927
3,4,"GSM615378","RD","RD",0.156698733704667
3,4,"GSM615382","RD","RD",0.169245204581178
3,4,"GSM615383","pCR","RD",0.069553195997076
3,4,"GSM615384","RD","RD",0.162145928234941
3,4,"GSM615386","RD","RD",0.0301155793343928
3,4,"GSM615390","RD","RD",0.0959820191190117
3,4,"GSM615395","RD","RD",0.183499865211933
3,4,"GSM615397","pCR","pCR",0.573483934076649
3,4,"GSM615398","RD","RD",0.0546404366600277
3,4,"GSM615399","RD","RD",0.0350891798046727
3,4,"GSM615400","RD","RD",0.0146121086710929
3,4,"GSM615402","RD","RD",0.0451938886989124
3,4,"GSM615403","RD","RD",0.230622638098969
3,5,"GSM615097","RD","RD",0.308096087299642
3,5,"GSM615106","RD","RD",0.476183809078738
3,5,"GSM615116","RD","RD",0.105060000952693
3,5,"GSM615117","RD","RD",0.275876980257459
3,5,"GSM615124","RD","RD",0.255832103346027
3,5,"GSM615127","RD","RD",0.349147811570747
3,5,"GSM615131","RD","RD",0.182825048351944
3,5,"GSM615136","RD","RD",0.450025951017081
3,5,"GSM615138","RD","RD",0.0308802469115482
3,5,"GSM615142","RD","RD",0.0844096918006549
3,5,"GSM615144","RD","RD",0.0499659408136028
3,5,"GSM615153","RD","RD",0.222215160069913
3,5,"GSM615157","RD","RD",0.0142750903398869
3,5,"GSM615167","pCR","RD",0.439100269581245
3,5,"GSM615168","RD","RD",0.156024815390181
3,5,"GSM615169","RD","RD",0.312758998069417
3,5,"GSM615178","RD","RD",0.156716626728
3,5,"GSM615181","pCR","RD",0.306884833152129
3,5,"GSM615184","RD","RD",0.479088990283356
3,5,"GSM615190","RD","RD",0.296631888022931
3,5,"GSM615193","pCR","RD",0.0717168444958942
3,5,"GSM615195","RD","RD",0.125628767426047
3,5,"GSM615202","pCR","pCR",0.617482410892017
3,5,"GSM615205","RD","RD",0.0420622351691825
3,5,"GSM615214","RD","RD",0.0125437352947199
3,5,"GSM615223","RD","RD",0.229664491101229
3,5,"GSM615234","RD","RD",0.114311641634947
3,5,"GSM615236","RD","RD",0.0693813165032057
3,5,"GSM615237","RD","RD",0.0586622597125068
3,5,"GSM615239","RD","RD",0.318187655768844
3,5,"GSM615244","RD","RD",0.282682108912174
3,5,"GSM615256","pCR","RD",0.205594253119186
3,5,"GSM615258","RD","RD",0.123189812848013
3,5,"GSM615264","pCR","RD",0.187200164872665
3,5,"GSM615265","RD","RD",0.142424181481282
3,5,"GSM615277","RD","RD",0.220782724885297
3,5,"GSM615279","RD","RD",0.03292031022451
3,5,"GSM615281","RD","RD",0.0871240016001245
3,5,"GSM615282","RD","RD",0.148799774496821
3,5,"GSM615284","pCR","RD",0.165091470810124
3,5,"GSM615286","RD","RD",0.0900940313007342
3,5,"GSM615294","RD","pCR",0.57119170226521
3,5,"GSM615308","RD","RD",0.101078030790084
3,5,"GSM615312","RD","RD",0.243379490676829
3,5,"GSM615316","RD","RD",0.016314236242974
3,5,"GSM615321","RD","RD",0.22260377889321
3,5,"GSM615333","RD","RD",0.0946493343378577
3,5,"GSM615338","pCR","pCR",0.519779062518212
3,5,"GSM615339","RD","RD",0.148821031796046
3,5,"GSM615342","RD","RD",0.0598744080353191
3,5,"GSM615352","RD","RD",0.0257865585089535
3,5,"GSM615354","pCR","RD",0.341575617409484
3,5,"GSM615364","RD","RD",0.262296923731177
3,5,"GSM615365","RD","RD",0.0155589169755951
3,5,"GSM615368","RD","RD",0.20879518069111
3,5,"GSM615374","RD","RD",0.110748079652439
3,5,"GSM615381","RD","RD",0.208470905664116
3,5,"GSM615387","RD","RD",0.0346468525753291
3,5,"GSM615393","pCR","RD",0.15530799214044
3,5,"GSM615394","pCR","RD",0.428721914122637
3,5,"GSM615396","pCR","RD",0.380665934665896
3,5,"GSM615401","RD","RD",0.140167976016738
4,1,"GSM615107","RD","RD",0.243100310614999
4,1,"GSM615110","pCR","pCR",0.589414792513952
4,1,"GSM615121","RD","RD",0.0691451235040028
4,1,"GSM615138","RD","RD",0.0628539521157973
4,1,"GSM615140","pCR","RD",0.0949376428941379
4,1,"GSM615142","RD","RD",0.279975814014797
4,1,"GSM615144","RD","RD",0.0217760335416253
4,1,"GSM615158","RD","RD",0.0201785010178221
4,1,"GSM615159","RD","RD",0.0746438359785475
4,1,"GSM615162","RD","RD",0.0210687170427247
4,1,"GSM615166","RD","RD",0.215923688870539
4,1,"GSM615167","pCR","RD",0.349699763190315
4,1,"GSM615170","RD","RD",0.0973825462296217
4,1,"GSM615173","RD","RD",0.142693227816752
4,1,"GSM615183","RD","RD",0.134069959196473
4,1,"GSM615185","RD","RD",0.0489383659884401
4,1,"GSM615186","pCR","RD",0.12732223062712
4,1,"GSM615187","RD","RD",0.0188033375073718
4,1,"GSM615191","pCR","RD",0.411586924587099
4,1,"GSM615197","RD","RD",0.0470545452408047
4,1,"GSM615200","RD","RD",0.00455017861510476
4,1,"GSM615203","RD","RD",0.00967651671229675
4,1,"GSM615208","RD","RD",0.10682066263309
4,1,"GSM615212","pCR","RD",0.251751301825734
4,1,"GSM615215","pCR","RD",0.0580894996722757
4,1,"GSM615228","RD","RD",0.0608527146808542
4,1,"GSM615234","RD","RD",0.051338106307929
4,1,"GSM615241","RD","RD",0.136358490877911
4,1,"GSM615248","RD","RD",0.0253912592647375
4,1,"GSM615249","RD","RD",0.0126584218362832
4,1,"GSM615251","RD","RD",0.0617212993913099
4,1,"GSM615252","RD","RD",0.00803605780881789
4,1,"GSM615255","RD","RD",0.220664191204626
4,1,"GSM615258","RD","RD",0.24792792289219
4,1,"GSM615272","RD","RD",0.00498173846809813
4,1,"GSM615276","RD","pCR",0.526509354399352
4,1,"GSM615285","RD","RD",0.00951012495755932
4,1,"GSM615293","pCR","RD",0.162270569587044
4,1,"GSM615296","RD","RD",0.0380038491851523
4,1,"GSM615298","RD","RD",0.0894688945575459
4,1,"GSM615302","RD","RD",0.0140093301651129
4,1,"GSM615308","RD","RD",0.0215362015937549
4,1,"GSM615316","RD","RD",0.00997946751030887
4,1,"GSM615322","RD","RD",0.0377349661511562
4,1,"GSM615335","RD","RD",0.367887280977689
4,1,"GSM615337","RD","RD",0.0309361341226275
4,1,"GSM615342","RD","RD",0.0239978563868819
4,1,"GSM615347","RD","RD",0.272305670645596
4,1,"GSM615356","RD","RD",0.145363515504034
4,1,"GSM615361","RD","RD",0.0170259892892578
4,1,"GSM615374","RD","RD",0.084353479842987
4,1,"GSM615377","RD","RD",0.0149857573709504
4,1,"GSM615378","RD","RD",0.0534609012847752
4,1,"GSM615383","pCR","RD",0.106964902968772
4,1,"GSM615386","RD","RD",0.00244216856145951
4,1,"GSM615392","RD","RD",0.203108475132665
4,1,"GSM615393","pCR","RD",0.180486381210798
4,1,"GSM615396","pCR","RD",0.346294187590544
4,1,"GSM615399","RD","RD",0.0136593678803447
4,1,"GSM615400","RD","RD",0.00633600207041374
4,1,"GSM615403","RD","pCR",0.734758959312656
4,2,"GSM615097","RD","RD",0.15550689196711
4,2,"GSM615124","RD","RD",0.240484860896259
4,2,"GSM615126","RD","RD",0.107167376583042
4,2,"GSM615128","RD","RD",0.10775485135789
4,2,"GSM615133","RD","RD",0.184751853319816
4,2,"GSM615135","RD","RD",0.0385349946079298
4,2,"GSM615137","pCR","RD",0.457541527596933
4,2,"GSM615139","pCR","pCR",0.613803524863708
4,2,"GSM615141","RD","RD",0.141441222485186
4,2,"GSM615143","pCR","RD",0.443403501179072
4,2,"GSM615145","RD","RD",0.155502648100764
4,2,"GSM615149","RD","RD",0.452932024254685
4,2,"GSM615152","RD","RD",0.18754901764301
4,2,"GSM615164","pCR","RD",0.302891975036032
4,2,"GSM615165","RD","RD",0.290318688324982
4,2,"GSM615168","RD","RD",0.172817214129213
4,2,"GSM615169","RD","RD",0.195922090647893
4,2,"GSM615172","RD","RD",0.154037858373957
4,2,"GSM615176","RD","RD",0.317647863838457
4,2,"GSM615177","RD","RD",0.0695780686977936
4,2,"GSM615180","RD","RD",0.195768441020435
4,2,"GSM615188","RD","RD",0.139021545004117
4,2,"GSM615189","RD","RD",0.261474276214444
4,2,"GSM615202","pCR","pCR",0.563532832502195
4,2,"GSM615206","RD","RD",0.106980495350686
4,2,"GSM615210","RD","RD",0.123632960840117
4,2,"GSM615231","RD","RD",0.341409075912528
4,2,"GSM615233","RD","RD",0.16646632708002
4,2,"GSM615237","RD","RD",0.178254344574259
4,2,"GSM615246","RD","RD",0.47305831650889
4,2,"GSM615247","RD","RD",0.220764559670301
4,2,"GSM615254","RD","RD",0.250934910159264
4,2,"GSM615257","RD","RD",0.14976300645311
4,2,"GSM615260","RD","RD",0.0724436577387252
4,2,"GSM615268","RD","RD",0.158248839906652
4,2,"GSM615274","RD","RD",0.423710529737719
4,2,"GSM615283","RD","RD",0.175650651985626
4,2,"GSM615284","pCR","RD",0.152811889838515
4,2,"GSM615304","RD","RD",0.0500249671013963
4,2,"GSM615311","RD","RD",0.0255373661465098
4,2,"GSM615313","RD","RD",0.204624101458909
4,2,"GSM615320","RD","RD",0.171100091962775
4,2,"GSM615324","pCR","RD",0.217890868107317
4,2,"GSM615326","RD","RD",0.277776772054633
4,2,"GSM615327","RD","RD",0.328268404801299
4,2,"GSM615328","RD","RD",0.166639760228524
4,2,"GSM615330","RD","RD",0.295265527668631
4,2,"GSM615336","pCR","RD",0.385663832310611
4,2,"GSM615340","RD","RD",0.088613313957921
4,2,"GSM615344","RD","RD",0.131210323273716
4,2,"GSM615350","RD","RD",0.085816055773257
4,2,"GSM615357","pCR","RD",0.257261670983834
4,2,"GSM615358","RD","RD",0.0496910625390766
4,2,"GSM615363","RD","RD",0.247928771405367
4,2,"GSM615367","RD","RD",0.201843162102583
4,2,"GSM615368","RD","RD",0.171652015641996
4,2,"GSM615375","pCR","RD",0.352863805960874
4,2,"GSM615376","RD","RD",0.207357080763582
4,2,"GSM615379","pCR","RD",0.230259417591151
4,2,"GSM615385","RD","RD",0.129784872504887
4,2,"GSM615394","pCR","RD",0.238240859881267
4,2,"GSM615404","RD","RD",0.136662810119908
4,3,"GSM615098","RD","RD",0.24227588789211
4,3,"GSM615106","RD","pCR",0.672861925862929
4,3,"GSM615108","RD","RD",0.039705457430021
4,3,"GSM615114","RD","RD",0.158878765117711
4,3,"GSM615116","RD","RD",0.123782840881478
4,3,"GSM615122","pCR","RD",0.0716906191308959
4,3,"GSM615131","RD","RD",0.0952115104768722
4,3,"GSM615151","RD","RD",0.35962834180978
4,3,"GSM615154","pCR","RD",0.206981206076073
4,3,"GSM615157","RD","RD",0.0204769528971188
4,3,"GSM615160","RD","RD",0.28314828626318
4,3,"GSM615178","RD","RD",0.128893999087414
4,3,"GSM615193","pCR","RD",0.0452781176097897
4,3,"GSM615196","RD","RD",0.16106887886819
4,3,"GSM615205","RD","RD",0.072912827725596
4,3,"GSM615209","pCR","RD",0.141023625020479
4,3,"GSM615220","RD","RD",0.0621262746146931
4,3,"GSM615223","RD","RD",0.136143143228595
4,3,"GSM615224","RD","RD",0.0174625201330394
4,3,"GSM615229","RD","RD",0.0632568723635331
4,3,"GSM615235","RD","RD",0.00188286820162431
4,3,"GSM615239","RD","RD",0.144522033596313
4,3,"GSM615244","RD","RD",0.222624415378768
4,3,"GSM615256","pCR","RD",0.409572165320676
4,3,"GSM615259","RD","RD",0.00736588163451057
4,3,"GSM615269","RD","RD",0.00798754440645189
4,3,"GSM615271","RD","RD",0.352337549690766
4,3,"GSM615273","RD","RD",0.0171710715268667
4,3,"GSM615278","RD","RD",0.298599633583993
4,3,"GSM615279","RD","RD",0.0698842623327066
4,3,"GSM615280","pCR","RD",0.199785935186458
4,3,"GSM615287","RD","RD",0.126553199203806
4,3,"GSM615290","RD","RD",0.333239039157684
4,3,"GSM615295","RD","RD",0.0256055837076088
4,3,"GSM615299","RD","RD",0.0290265789736329
4,3,"GSM615300","pCR","RD",0.16261812122888
4,3,"GSM615305","RD","RD",0.16225516362501
4,3,"GSM615306","RD","RD",0.0328960565091138
4,3,"GSM615307","pCR","RD",0.378612517404025
4,3,"GSM615309","RD","RD",0.0285311531990848
4,3,"GSM615317","RD","RD",0.414158060132334
4,3,"GSM615319","RD","RD",0.140591829047775
4,3,"GSM615333","RD","RD",0.094102051148216
4,3,"GSM615334","pCR","RD",0.49292914961061
4,3,"GSM615343","RD","RD",0.251417556488664
4,3,"GSM615345","RD","RD",0.0182722536613434
4,3,"GSM615346","RD","RD",0.121293264247587
4,3,"GSM615349","RD","RD",0.0421141216563901
4,3,"GSM615352","RD","RD",0.00727796140429704
4,3,"GSM615354","pCR","RD",0.215361808972553
4,3,"GSM615355","RD","RD",0.0487230621691745
4,3,"GSM615359","pCR","RD",0.122135796032967
4,3,"GSM615360","RD","RD",0.0784135414529283
4,3,"GSM615364","RD","RD",0.17593039492858
4,3,"GSM615365","RD","RD",0.00714619100098912
4,3,"GSM615370","RD","RD",0.0165093046395473
4,3,"GSM615372","RD","RD",0.185546356107876
4,3,"GSM615373","RD","RD",0.0367823055572647
4,3,"GSM615381","RD","RD",0.230610533732362
4,3,"GSM615390","RD","RD",0.0997531994785076
4,3,"GSM615402","RD","RD",0.016637817289083
4,4,"GSM615096","RD","RD",0.00597651138811528
4,4,"GSM615099","pCR","RD",0.370103523324838
4,4,"GSM615102","RD","RD",0.114052912668337
4,4,"GSM615104","RD","RD",0.103937241538011
4,4,"GSM615109","RD","RD",0.183322343103696
4,4,"GSM615111","RD","RD",0.377973534155666
4,4,"GSM615112","RD","RD",0.356238019847909
4,4,"GSM615113","RD","RD",0.468664593539163
4,4,"GSM615117","RD","RD",0.384501630332928
4,4,"GSM615120","RD","RD",0.092589025123239
4,4,"GSM615125","RD","RD",0.250087178061863
4,4,"GSM615129","RD","RD",0.0974245636694354
4,4,"GSM615132","RD","RD",0.266289229491679
4,4,"GSM615136","RD","pCR",0.737403866596008
4,4,"GSM615153","RD","RD",0.186815866670099
4,4,"GSM615155","RD","RD",0.134248189481987
4,4,"GSM615171","pCR","RD",0.1946117869666
4,4,"GSM615179","RD","RD",0.186254574662469
4,4,"GSM615184","RD","RD",0.393573674089448
4,4,"GSM615192","RD","RD",0.218587407403982
4,4,"GSM615195","RD","RD",0.196702080315177
4,4,"GSM615198","RD","RD",0.288315370601886
4,4,"GSM615207","RD","RD",0.0474276440058871
4,4,"GSM615214","RD","RD",0.00629001786865246
4,4,"GSM615217","RD","RD",0.0872461717553422
4,4,"GSM615222","RD","RD",0.0306881319496698
4,4,"GSM615225","RD","RD",0.146821659960508
4,4,"GSM615227","RD","RD",0.0601683808622504
4,4,"GSM615240","pCR","pCR",0.578610797210332
4,4,"GSM615242","pCR","RD",0.215771990005208
4,4,"GSM615245","RD","RD",0.0567049076359831
4,4,"GSM615250","RD","RD",0.211697061631035
4,4,"GSM615262","RD","RD",0.0321712921475017
4,4,"GSM615263","pCR","RD",0.123746278070087
4,4,"GSM615264","pCR","RD",0.300669620866712
4,4,"GSM615270","pCR","RD",0.400829595944505
4,4,"GSM615277","RD","RD",0.192335957013208
4,4,"GSM615281","RD","RD",0.109825464778483
4,4,"GSM615286","RD","RD",0.0928499435463281
4,4,"GSM615289","RD","RD",0.0671902634338272
4,4,"GSM615301","RD","pCR",0.515518727116134
4,4,"GSM615310","pCR","RD",0.362006001034872
4,4,"GSM615315","RD","pCR",0.531391870400614
4,4,"GSM615318","RD","RD",0.0311054341754209
4,4,"GSM615321","RD","RD",0.174338871705679
4,4,"GSM615325","pCR","pCR",0.720635955839194
4,4,"GSM615329","RD","RD",0.0363560308466132
4,4,"GSM615331","pCR","RD",0.0484398724328066
4,4,"GSM615332","RD","RD",0.343051628199263
4,4,"GSM615348","RD","pCR",0.608670363403653
4,4,"GSM615362","RD","RD",0.0687867207119144
4,4,"GSM615369","RD","RD",0.44266270270586
4,4,"GSM615371","pCR","pCR",0.53627918944692
4,4,"GSM615382","RD","RD",0.0965932095262877
4,4,"GSM615387","RD","RD",0.0528103521888825
4,4,"GSM615388","RD","RD",0.102760305022976
4,4,"GSM615389","RD","RD",0.192722711908866
4,4,"GSM615395","RD","RD",0.116826521211768
4,4,"GSM615398","RD","RD",0.0569779199407863
4,4,"GSM615401","RD","RD",0.308807819987641
4,4,"GSM615405","RD","RD",0.0606295137585856
4,5,"GSM615100","RD","RD",0.109050752396415
4,5,"GSM615101","RD","RD",0.270455311435954
4,5,"GSM615103","RD","RD",0.0946635309544637
4,5,"GSM615115","RD","RD",0.14498432691544
4,5,"GSM615123","pCR","RD",0.251315363068012
4,5,"GSM615127","RD","RD",0.239627868026354
4,5,"GSM615130","RD","RD",0.0874080671664146
4,5,"GSM615134","RD","RD",0.0818651167453696
4,5,"GSM615146","pCR","RD",0.297583079950456
4,5,"GSM615147","RD","RD",0.177180187189759
4,5,"GSM615148","RD","RD",0.191506906811088
4,5,"GSM615150","RD","RD",0.0624645653635583
4,5,"GSM615156","RD","RD",0.277225400973219
4,5,"GSM615161","RD","RD",0.121056372112399
4,5,"GSM615174","RD","RD",0.0791887799153997
4,5,"GSM615175","pCR","RD",0.291240113052418
4,5,"GSM615181","pCR","RD",0.297367270800507
4,5,"GSM615182","RD","RD",0.153957816297325
4,5,"GSM615190","RD","RD",0.322983239501578
4,5,"GSM615194","pCR","RD",0.341530419933797
4,5,"GSM615199","RD","RD",0.159416031680509
4,5,"GSM615201","pCR","RD",0.243094107232708
4,5,"GSM615204","RD","RD",0.180767981833051
4,5,"GSM615211","pCR","RD",0.381666649797331
4,5,"GSM615213","pCR","RD",0.340888653048051
4,5,"GSM615216","RD","RD",0.0934101796353406
4,5,"GSM615218","RD","RD",0.0633927617938556
4,5,"GSM615219","RD","RD",0.242026472582209
4,5,"GSM615221","RD","RD",0.146838280791824
4,5,"GSM615226","RD","RD",0.142304427843941
4,5,"GSM615230","RD","RD",0.324644199689114
4,5,"GSM615232","RD","RD",0.0733694132134509
4,5,"GSM615236","RD","RD",0.229201960543951
4,5,"GSM615238","RD","RD",0.310242920428428
4,5,"GSM615243","RD","RD",0.138947555285237
4,5,"GSM615253","RD","RD",0.0771169280837914
4,5,"GSM615261","RD","RD",0.115675172353882
4,5,"GSM615265","RD","RD",0.207028190295083
4,5,"GSM615266","RD","RD",0.0730508562806922
4,5,"GSM615267","RD","RD",0.172900786453886
4,5,"GSM615275","RD","RD",0.341818139636717
4,5,"GSM615282","RD","RD",0.181544392332902
4,5,"GSM615288","RD","RD",0.350070190515438
4,5,"GSM615291","pCR","RD",0.315227942719584
4,5,"GSM615292","RD","RD",0.335578899365936
4,5,"GSM615294","RD","RD",0.395476150742153
4,5,"GSM615297","RD","RD",0.156900241982976
4,5,"GSM615303","RD","RD",0.134883167635687
4,5,"GSM615312","RD","RD",0.203477022631291
4,5,"GSM615314","RD","RD",0.0813553069599429
4,5,"GSM615323","RD","RD",0.171132895163874
4,5,"GSM615338","pCR","RD",0.225783254143459
4,5,"GSM615339","RD","RD",0.156866318649307
4,5,"GSM615341","RD","RD",0.137264825377818
4,5,"GSM615351","RD","RD",0.118473625043269
4,5,"GSM615353","pCR","RD",0.33008644829169
4,5,"GSM615366","RD","RD",0.125195879439386
4,5,"GSM615380","RD","RD",0.252571768053056
4,5,"GSM615384","RD","RD",0.235036560802376
4,5,"GSM615391","RD","RD",0.161884086211518
4,5,"GSM615397","pCR","RD",0.30195839763389
5,1,"GSM615098","RD","RD",0.182987563077408
5,1,"GSM615110","pCR","RD",0.284785740923675
5,1,"GSM615112","RD","RD",0.124950038124855
5,1,"GSM615115","RD","RD",0.0412795151664557
5,1,"GSM615117","RD","RD",0.301923606016188
5,1,"GSM615128","RD","RD",0.0621189011210508
5,1,"GSM615141","RD","RD",0.173437416938358
5,1,"GSM615144","RD","RD",0.0858020544816854
5,1,"GSM615149","RD","RD",0.479619129264575
5,1,"GSM615150","RD","RD",0.0111989287490131
5,1,"GSM615155","RD","RD",0.081320935022348
5,1,"GSM615170","RD","RD",0.118882925105629
5,1,"GSM615174","RD","RD",0.0125718487386025
5,1,"GSM615175","pCR","RD",0.169884609352329
5,1,"GSM615179","RD","RD",0.0867145254742189
5,1,"GSM615194","pCR","RD",0.361263757957207
5,1,"GSM615195","RD","RD",0.0710870486542599
5,1,"GSM615199","RD","RD",0.148680895238309
5,1,"GSM615204","RD","RD",0.129199171872961
5,1,"GSM615205","RD","RD",0.0642321429931597
5,1,"GSM615213","pCR","pCR",0.585922719109853
5,1,"GSM615217","RD","RD",0.139073493017679
5,1,"GSM615227","RD","RD",0.0587193004774343
5,1,"GSM615230","RD","RD",0.251891866557396
5,1,"GSM615235","RD","RD",0.00106592851432641
5,1,"GSM615244","RD","RD",0.248090988970629
5,1,"GSM615248","RD","RD",0.143123401303563
5,1,"GSM615252","RD","RD",0.006330327722472
5,1,"GSM615254","RD","RD",0.270735526049666
5,1,"GSM615255","RD","RD",0.198102998500213
5,1,"GSM615260","RD","RD",0.0367558420606209
5,1,"GSM615261","RD","RD",0.0466520898857689
5,1,"GSM615269","RD","pCR",0.576912467464147
5,1,"GSM615270","pCR","RD",0.169188732675165
5,1,"GSM615273","RD","RD",0.0541027731208142
5,1,"GSM615275","RD","pCR",0.593644331736832
5,1,"GSM615281","RD","RD",0.183763905899792
5,1,"GSM615282","RD","RD",0.182476724922148
5,1,"GSM615283","RD","RD",0.120127670291405
5,1,"GSM615284","pCR","RD",0.184480105308193
5,1,"GSM615287","RD","RD",0.139106364999159
5,1,"GSM615288","RD","RD",0.488658432304902
5,1,"GSM615302","RD","RD",0.0476235946419974
5,1,"GSM615309","RD","RD",0.0634654289197869
5,1,"GSM615310","pCR","RD",0.320697117518437
5,1,"GSM615325","pCR","pCR",0.50062220505597
5,1,"GSM615330","RD","RD",0.0786421582768554
5,1,"GSM615332","RD","RD",0.120130195786215
5,1,"GSM615335","RD","RD",0.358792255180966
5,1,"GSM615337","RD","RD",0.109871485268483
5,1,"GSM615338","pCR","RD",0.244295756008322
5,1,"GSM615354","pCR","RD",0.434424413159569
5,1,"GSM615358","RD","RD",0.033578057547742
5,1,"GSM615369","RD","pCR",0.634502958607697
5,1,"GSM615371","pCR","RD",0.256596767314812
5,1,"GSM615378","RD","RD",0.247882333872093
5,1,"GSM615385","RD","RD",0.0879459618948085
5,1,"GSM615389","RD","RD",0.0933601387898991
5,1,"GSM615390","RD","RD",0.136423087648228
5,1,"GSM615396","pCR","pCR",0.502057016403271
5,1,"GSM615400","RD","RD",0.00944663459131834
5,2,"GSM615096","RD","RD",0.0307358174370911
5,2,"GSM615099","pCR","RD",0.232663652100918
5,2,"GSM615101","RD","RD",0.452755746946929
5,2,"GSM615104","RD","RD",0.179185547903277
5,2,"GSM615114","RD","RD",0.263528372853019
5,2,"GSM615125","RD","RD",0.431275185804604
5,2,"GSM615127","RD","RD",0.241216907075152
5,2,"GSM615134","RD","RD",0.0639425581218449
5,2,"GSM615138","RD","RD",0.0426741453677048
5,2,"GSM615140","pCR","RD",0.152877966269533
5,2,"GSM615147","RD","RD",0.096290507008301
5,2,"GSM615148","RD","RD",0.156083893594349
5,2,"GSM615151","RD","RD",0.254096909063082
5,2,"GSM615153","RD","RD",0.180361660533014
5,2,"GSM615161","RD","RD",0.0872729438287224
5,2,"GSM615168","RD","RD",0.0893224205434142
5,2,"GSM615171","pCR","RD",0.19396341283929
5,2,"GSM615183","RD","RD",0.116149812729761
5,2,"GSM615189","RD","RD",0.149841524109751
5,2,"GSM615201","pCR","RD",0.161203346261657
5,2,"GSM615208","RD","RD",0.12114015337358
5,2,"GSM615210","RD","RD",0.147183915459533
5,2,"GSM615220","RD","RD",0.125686616476006
5,2,"GSM615223","RD","RD",0.176396588930955
5,2,"GSM615224","RD","RD",0.0392487950581601
5,2,"GSM615226","RD","RD",0.132767299700126
5,2,"GSM615231","RD","RD",0.441378628005347
5,2,"GSM615232","RD","RD",0.0291343428532137
5,2,"GSM615239","RD","RD",0.142200719102248
5,2,"GSM615243","RD","RD",0.148995412172632
5,2,"GSM615246","RD","RD",0.440382917704204
5,2,"GSM615257","RD","RD",0.168268961601207
5,2,"GSM615259","RD","RD",0.180965406675409
5,2,"GSM615262","RD","RD",0.0421340010328592
5,2,"GSM615264","pCR","RD",0.154055212246425
5,2,"GSM615267","RD","RD",0.194799457062051
5,2,"GSM615293","pCR","RD",0.180555844642464
5,2,"GSM615295","RD","RD",0.0998524614985202
5,2,"GSM615296","RD","RD",0.095382544708215
5,2,"GSM615297","RD","RD",0.13081705125603
5,2,"GSM615298","RD","RD",0.233953549376498
5,2,"GSM615311","RD","RD",0.0387344343374375
5,2,"GSM615318","RD","RD",0.0605696015804663
5,2,"GSM615327","RD","RD",0.385861828421502
5,2,"GSM615333","RD","RD",0.104368458306779
5,2,"GSM615336","pCR","RD",0.391164914255504
5,2,"GSM615340","RD","RD",0.0619210842135618
5,2,"GSM615343","RD","RD",0.105061276266337
5,2,"GSM615346","RD","RD",0.202662627282069
5,2,"GSM615347","RD","RD",0.15949889489731
5,2,"GSM615348","RD","RD",0.360322059623552
5,2,"GSM615353","pCR","RD",0.376110699852563
5,2,"GSM615355","RD","RD",0.182698743898527
5,2,"GSM615356","RD","RD",0.0863437265057777
5,2,"GSM615374","RD","RD",0.0570342317954812
5,2,"GSM615377","RD","RD",0.121098899195333
5,2,"GSM615383","pCR","RD",0.161364900045084
5,2,"GSM615386","RD","RD",0.01893040842773
5,2,"GSM615393","pCR","RD",0.208384751712728
5,2,"GSM615394","pCR","RD",0.19242977554034
5,2,"GSM615397","pCR","pCR",0.521057505131459
5,2,"GSM615399","RD","RD",0.0911850685460566
5,3,"GSM615100","RD","RD",0.0430024189763165
5,3,"GSM615102","RD","RD",0.114758398471212
5,3,"GSM615103","RD","RD",0.0329023262233703
5,3,"GSM615106","RD","pCR",0.774367067022701
5,3,"GSM615111","RD","RD",0.366382354409887
5,3,"GSM615123","pCR","RD",0.294126806417998
5,3,"GSM615126","RD","RD",0.0694225027404661
5,3,"GSM615129","RD","RD",0.0719151220021833
5,3,"GSM615130","RD","RD",0.0630985863442364
5,3,"GSM615131","RD","RD",0.0977227700880028
5,3,"GSM615132","RD","RD",0.0935477849855659
5,3,"GSM615145","RD","RD",0.0553465794944662
5,3,"GSM615154","pCR","RD",0.208297942394227
5,3,"GSM615165","RD","RD",0.0647013076172815
5,3,"GSM615172","RD","RD",0.105355515704288
5,3,"GSM615178","RD","RD",0.187860061955598
5,3,"GSM615184","RD","RD",0.392917211939417
5,3,"GSM615186","pCR","RD",0.189736169978574
5,3,"GSM615190","RD","RD",0.19129067519322
5,3,"GSM615193","pCR","RD",0.0984819630513476
5,3,"GSM615198","RD","pCR",0.546577697173748
5,3,"GSM615200","RD","RD",0.00471767473306584
5,3,"GSM615207","RD","RD",0.0373145391140879
5,3,"GSM615211","pCR","pCR",0.78529888057862
5,3,"GSM615221","RD","RD",0.0257470893779168
5,3,"GSM615222","RD","RD",0.489216138222993
5,3,"GSM615228","RD","RD",0.27579300463463
5,3,"GSM615229","RD","RD",0.128068092359317
5,3,"GSM615233","RD","RD",0.107057996881784
5,3,"GSM615240","pCR","RD",0.499670104079685
5,3,"GSM615242","pCR","RD",0.241734638563224
5,3,"GSM615245","RD","RD",0.0405164491221123
5,3,"GSM615250","RD","RD",0.0926229716658423
5,3,"GSM615265","RD","RD",0.172426730841421
5,3,"GSM615268","RD","RD",0.0529597710765147
5,3,"GSM615271","RD","RD",0.355638614978573
5,3,"GSM615277","RD","RD",0.240829494322878
5,3,"GSM615278","RD","RD",0.327754002805667
5,3,"GSM615286","RD","RD",0.0738657749694965
5,3,"GSM615289","RD","RD",0.133545937228753
5,3,"GSM615292","RD","pCR",0.527201089336649
5,3,"GSM615300","pCR","RD",0.188592769871635
5,3,"GSM615306","RD","RD",0.0747151663256693
5,3,"GSM615307","pCR","RD",0.27632553310184
5,3,"GSM615319","RD","RD",0.146236880018738
5,3,"GSM615321","RD","RD",0.185190662722258
5,3,"GSM615342","RD","RD",0.0203199375429395
5,3,"GSM615349","RD","RD",0.0880096868057014
5,3,"GSM615360","RD","RD",0.0556986225645625
5,3,"GSM615361","RD","RD",0.0277882029341756
5,3,"GSM615367","RD","RD",0.10868920386256
5,3,"GSM615368","RD","RD",0.0853290708364663
5,3,"GSM615370","RD","RD",0.040658754180587
5,3,"GSM615373","RD","RD",0.0376799760247531
5,3,"GSM615375","pCR","RD",0.178549437712287
5,3,"GSM615379","pCR","RD",0.352626912048824
5,3,"GSM615382","RD","RD",0.015709428554406
5,3,"GSM615387","RD","RD",0.031280923809907
5,3,"GSM615395","RD","RD",0.240384667047179
5,3,"GSM615398","RD","RD",0.0848835894446855
5,3,"GSM615405","RD","RD",0.0320660889337975
5,4,"GSM615107","RD","RD",0.0370183028839527
5,4,"GSM615108","RD","RD",0.0071312093436926
5,4,"GSM615121","RD","RD",0.00945756550719401
5,4,"GSM615122","pCR","RD",0.0548401254131796
5,4,"GSM615133","RD","RD",0.030201360412078
5,4,"GSM615136","RD","pCR",0.747886412837093
5,4,"GSM615143","pCR","pCR",0.545395246522969
5,4,"GSM615152","RD","RD",0.116791297872748
5,4,"GSM615157","RD","RD",0.0915884823379793
5,4,"GSM615162","RD","RD",0.0259699489577842
5,4,"GSM615164","pCR","RD",0.23246164870258
5,4,"GSM615167","pCR","RD",0.471189818107417
5,4,"GSM615173","RD","RD",0.101581730226118
5,4,"GSM615176","RD","RD",0.256911706872594
5,4,"GSM615177","RD","RD",0.0459587340555806
5,4,"GSM615188","RD","RD",0.0978787845984959
5,4,"GSM615191","pCR","RD",0.384688328681032
5,4,"GSM615192","RD","RD",0.0155129495419228
5,4,"GSM615196","RD","RD",0.0063597655844021
5,4,"GSM615203","RD","RD",0.0346742518963967
5,4,"GSM615209","pCR","RD",0.287220118671611
5,4,"GSM615214","RD","RD",0.0246179516213075
5,4,"GSM615216","RD","RD",0.00891541989823719
5,4,"GSM615219","RD","RD",0.216522359865293
5,4,"GSM615225","RD","RD",0.416877029846187
5,4,"GSM615234","RD","RD",0.118709617139385
5,4,"GSM615238","RD","RD",0.293841079747332
5,4,"GSM615241","RD","RD",0.321614042907353
5,4,"GSM615251","RD","RD",0.0194716726648526
5,4,"GSM615253","RD","RD",0.0343317427880702
5,4,"GSM615263","pCR","RD",0.10112387061374
5,4,"GSM615272","RD","RD",0.00527928320967208
5,4,"GSM615276","RD","pCR",0.91122697585754
5,4,"GSM615280","pCR","RD",0.0794582788304011
5,4,"GSM615290","RD","RD",0.255819629165747
5,4,"GSM615294","RD","pCR",0.529623900157448
5,4,"GSM615299","RD","RD",0.0260379358769672
5,4,"GSM615301","RD","RD",0.397658378085424
5,4,"GSM615303","RD","RD",0.0114424560390998
5,4,"GSM615304","RD","RD",0.0640811350824034
5,4,"GSM615308","RD","RD",0.052121796221821
5,4,"GSM615312","RD","RD",0.165347083330123
5,4,"GSM615313","RD","RD",0.1710170381308
5,4,"GSM615315","RD","pCR",0.731127921680373
5,4,"GSM615316","RD","RD",0.00320476853646501
5,4,"GSM615317","RD","RD",0.408565688013644
5,4,"GSM615322","RD","RD",0.0475079238226997
5,4,"GSM615323","RD","RD",0.0595654476849924
5,4,"GSM615324","pCR","RD",0.360513452095219
5,4,"GSM615326","RD","RD",0.22031496058022
5,4,"GSM615329","RD","RD",0.00727163035693679
5,4,"GSM615334","pCR","RD",0.315969015173979
5,4,"GSM615341","RD","RD",0.0594600606635559
5,4,"GSM615344","RD","RD",0.095245425933618
5,4,"GSM615350","RD","RD",0.0125818129565217
5,4,"GSM615351","RD","RD",0.0532286717453253
5,4,"GSM615357","pCR","pCR",0.617736820863348
5,4,"GSM615365","RD","RD",0.00689426525794745
5,4,"GSM615376","RD","RD",0.083278709415131
5,4,"GSM615392","RD","RD",0.140827323598818
5,4,"GSM615404","RD","RD",0.372352991192249
5,5,"GSM615097","RD","RD",0.178873861238143
5,5,"GSM615109","RD","RD",0.165126393071041
5,5,"GSM615113","RD","RD",0.480487473734584
5,5,"GSM615116","RD","RD",0.174542431234286
5,5,"GSM615120","RD","RD",0.142375507411451
5,5,"GSM615124","RD","RD",0.0893775621307874
5,5,"GSM615135","RD","RD",0.0340319824800436
5,5,"GSM615137","pCR","RD",0.491953939567042
5,5,"GSM615139","pCR","RD",0.480818594934013
5,5,"GSM615142","RD","RD",0.0647532669081311
5,5,"GSM615146","pCR","RD",0.320745669316778
5,5,"GSM615156","RD","RD",0.296731901027876
5,5,"GSM615158","RD","RD",0.0322228110416951
5,5,"GSM615159","RD","RD",0.0762702778355039
5,5,"GSM615160","RD","RD",0.229304812307229
5,5,"GSM615166","RD","RD",0.274038203587049
5,5,"GSM615169","RD","RD",0.243016761656476
5,5,"GSM615180","RD","RD",0.0689771984450658
5,5,"GSM615181","pCR","RD",0.483153480770992
5,5,"GSM615182","RD","RD",0.0343996031076105
5,5,"GSM615185","RD","RD",0.0474857675255606
5,5,"GSM615187","RD","RD",0.106482867667272
5,5,"GSM615197","RD","RD",0.0419243115448166
5,5,"GSM615202","pCR","pCR",0.746949161106313
5,5,"GSM615206","RD","RD",0.0816200880240003
5,5,"GSM615212","pCR","RD",0.359624549621786
5,5,"GSM615215","pCR","RD",0.0482574213483058
5,5,"GSM615218","RD","RD",0.0269295027234269
5,5,"GSM615236","RD","RD",0.240611127653801
5,5,"GSM615237","RD","RD",0.119321139207213
5,5,"GSM615247","RD","RD",0.108128021099662
5,5,"GSM615249","RD","RD",0.0250200496597622
5,5,"GSM615256","pCR","pCR",0.665610894383627
5,5,"GSM615258","RD","RD",0.162553574237831
5,5,"GSM615266","RD","RD",0.215714566073602
5,5,"GSM615274","RD","RD",0.295833798040176
5,5,"GSM615279","RD","RD",0.0816140955998357
5,5,"GSM615285","RD","RD",0.077908350752697
5,5,"GSM615291","pCR","RD",0.287193798502219
5,5,"GSM615305","RD","RD",0.378945123460804
5,5,"GSM615314","RD","RD",0.052007379011645
5,5,"GSM615320","RD","RD",0.266172204403488
5,5,"GSM615328","RD","RD",0.033605739367759
5,5,"GSM615331","pCR","RD",0.0634353886552873
5,5,"GSM615339","RD","RD",0.162014408657155
5,5,"GSM615345","RD","RD",0.047031836777606
5,5,"GSM615352","RD","RD",0.0611738327991391
5,5,"GSM615359","pCR","RD",0.168132466815585
5,5,"GSM615362","RD","RD",0.0470141856925204
5,5,"GSM615363","RD","RD",0.210172504659551
5,5,"GSM615364","RD","RD",0.226303194667946
5,5,"GSM615366","RD","RD",0.0777030530306921
5,5,"GSM615372","RD","RD",0.345244609031228
5,5,"GSM615380","RD","RD",0.109899071436198
5,5,"GSM615381","RD","RD",0.12523313455071
5,5,"GSM615384","RD","RD",0.10532263604589
5,5,"GSM615388","RD","RD",0.12999929314192
5,5,"GSM615391","RD","RD",0.202839790530224
5,5,"GSM615401","RD","RD",0.316732148640441
5,5,"GSM615402","RD","RD",0.0746668916809116
5,5,"GSM615403","RD","RD",0.256194488614245
