"repeat_id","arm","auroc","pr_auc","balanced_accuracy","mcc","sensitivity","specificity","brier_score"
1,"guarded_within_partition",0.715211724089339,0.394019243861117,0.569647009088988,0.22472522249598,0.175438596491228,0.963855421686747,0.138585107035597
2,"guarded_within_partition",0.772845769041076,0.45679213231857,0.554111181568379,0.189275814630111,0.140350877192982,0.967871485943775,0.128151982399959
3,"guarded_within_partition",0.779398294934122,0.404453377742958,0.585922637920101,0.235879780632475,0.228070175438596,0.943775100401606,0.133641148257802
4,"guarded_within_partition",0.745860635524554,0.381417290609582,0.552103149439865,0.177115957193342,0.140350877192982,0.963855421686747,0.135459473339027
5,"guarded_within_partition",0.756851969280629,0.407833781579907,0.605474529697738,0.284848069849482,0.263157894736842,0.947791164658635,0.136307434695515
6,"guarded_within_partition",0.731346438385119,0.378682001450897,0.563622912703445,0.19178301160715,0.175438596491228,0.951807228915663,0.138869858055292
7,"guarded_within_partition",0.712393433382653,0.332074676854076,0.5285351934052,0.0944311809686023,0.105263157894737,0.951807228915663,0.143932925180124
8,"guarded_within_partition",0.696611005425209,0.336082751947816,0.581906573663073,0.217744388880047,0.228070175438596,0.93574297188755,0.148302672096153
9,"guarded_within_partition",0.712675262453321,0.344386854999444,0.565630944831959,0.202136004093839,0.175438596491228,0.955823293172691,0.143207765366289
10,"guarded_within_partition",0.69308814204185,0.371817560830406,0.584654407102093,0.212509512962168,0.245614035087719,0.923694779116466,0.146819063167852
11,"guarded_within_partition",0.72338476713873,0.360051667550901,0.559606848446417,0.172636682727654,0.175438596491228,0.943775100401606,0.142497022545458
12,"guarded_within_partition",0.693722257450855,0.321812591892588,0.545550623546819,0.11754772537572,0.175438596491228,0.91566265060241,0.152975265250327
13,"guarded_within_partition",0.698583808919891,0.353075223385757,0.592158106108645,0.212877530881434,0.280701754385965,0.903614457831325,0.152696105128406
14,"guarded_within_partition",0.697597407172549,0.351728209115815,0.563622912703445,0.19178301160715,0.175438596491228,0.951807228915663,0.146139276568037
15,"guarded_within_partition",0.749453956175579,0.421386004892924,0.560875079264426,0.201453186066352,0.157894736842105,0.963855421686747,0.13246326695878
16,"guarded_within_partition",0.759811174522651,0.385881147883498,0.566370746142465,0.185343819009876,0.192982456140351,0.939759036144578,0.135893995511801
17,"guarded_within_partition",0.687451560628479,0.341401254168155,0.592686535616149,0.246402360061679,0.245614035087719,0.939759036144578,0.146989501583613
18,"guarded_within_partition",0.73973085323751,0.398313031987783,0.583914605791587,0.226622612685861,0.228070175438596,0.939759036144578,0.140263731892713
19,"guarded_within_partition",0.742760515747199,0.395271094686604,0.592686535616149,0.246402360061679,0.245614035087719,0.939759036144578,0.137659986208427
20,"guarded_within_partition",0.700838441485239,0.314424907222247,0.575882477277531,0.193089352860045,0.228070175438596,0.923694779116466,0.155448189766339
21,"guarded_within_partition",0.702529415909249,0.317397912513994,0.573134643838512,0.19750988410405,0.210526315789474,0.93574297188755,0.150583636198743
22,"guarded_within_partition",0.671950961741704,0.314676995691467,0.560346649756922,0.160428446516783,0.192982456140351,0.927710843373494,0.154944207936343
23,"guarded_within_partition",0.732121468329458,0.371701579404862,0.548087085182837,0.155159296260502,0.140350877192982,0.955823293172691,0.139876591373713
24,"guarded_within_partition",0.721341506376382,0.440253851369983,0.616254491650814,0.313960798431293,0.280701754385965,0.951807228915663,0.134579115382006
25,"guarded_within_partition",0.755795110265622,0.435764873227617,0.590678503487635,0.237441306236993,0.245614035087719,0.93574297188755,0.134729779223111
26,"guarded_within_partition",0.707602339181287,0.307517105809036,0.508243500317058,0.0330684978833747,0.0526315789473684,0.963855421686747,0.146379539314619
27,"guarded_within_partition",0.731416895652786,0.369430288683336,0.538046924540266,0.110193627272971,0.140350877192982,0.93574297188755,0.141002041848222
28,"guarded_within_partition",0.765588670471359,0.426806715788661,0.594694567744663,0.255735341267671,0.245614035087719,0.943775100401606,0.133641882820181
29,"guarded_within_partition",0.746424293665891,0.40702423362118,0.543331219615303,0.151568523434269,0.12280701754386,0.963855421686747,0.133778218950131
30,"guarded_within_partition",0.722327908123722,0.356943613792718,0.548826886493342,0.141415155000312,0.157894736842105,0.939759036144578,0.143414709068768
1,"leaky_global_selection",0.84217572042556,0.48968726762355,0.589198900866624,0.281014406839136,0.210526315789474,0.967871485943775,0.119030821698649
2,"leaky_global_selection",0.804692454026632,0.513266014461621,0.575142675967026,0.206286007416593,0.210526315789474,0.939759036144578,0.121677576784211
3,"leaky_global_selection",0.78616219263017,0.383083795415852,0.536567321919256,0.136271428506117,0.105263157894737,0.967871485943775,0.131368057419802
4,"leaky_global_selection",0.812654125273022,0.510052918888437,0.566899175649968,0.241265786297404,0.157894736842105,0.975903614457831,0.119553201789673
5,"leaky_global_selection",0.807581202000987,0.425903277735351,0.561614880574931,0.181968230666937,0.175438596491228,0.947791164658635,0.124682869651735
6,"leaky_global_selection",0.803917424082294,0.429170329560649,0.572394842528007,0.213804867936281,0.192982456140351,0.951807228915663,0.128402798953574
7,"leaky_global_selection",0.771788910026067,0.38684895380699,0.548087085182837,0.155159296260502,0.140350877192982,0.955823293172691,0.131894278800544
8,"leaky_global_selection",0.787148594377508,0.464830637540927,0.597970830691186,0.301739252487904,0.228070175438596,0.967871485943775,0.124727824851905
9,"leaky_global_selection",0.793560205735221,0.409675925405587,0.546079053054322,0.145168579836331,0.140350877192982,0.951807228915663,0.128532599549307
10,"leaky_global_selection",0.786655393503841,0.474696638300348,0.602726696258719,0.29752279363702,0.245614035087719,0.959839357429719,0.124558408056468
11,"leaky_global_selection",0.772775311773409,0.383056509804312,0.595434369055168,0.239570649444242,0.263157894736842,0.927710843373494,0.134832626709511
12,"leaky_global_selection",0.768618332981047,0.445701019068508,0.6285140562249,0.30343001107967,0.333333333333333,0.923694779116466,0.129889520382136
13,"leaky_global_selection",0.768900162051716,0.404385035092321,0.58993870217713,0.255676344925867,0.228070175438596,0.951807228915663,0.131952230597973
14,"leaky_global_selection",0.815049672373704,0.488545527558994,0.596702599873177,0.265473553848358,0.245614035087719,0.947791164658635,0.121928400651704
15,"leaky_global_selection",0.81519058690904,0.444282109916299,0.576410906785035,0.23533708689186,0.192982456140351,0.959839357429719,0.124261863887378
16,"leaky_global_selection",0.801240047910943,0.441464306271665,0.616254491650814,0.313960798431293,0.280701754385965,0.951807228915663,0.125680879158661
17,"leaky_global_selection",0.78517579088283,0.404343502705911,0.579158740224054,0.225031236603378,0.210526315789474,0.947791164658635,0.130486051477908
18,"leaky_global_selection",0.748749383498907,0.385978469452765,0.576410906785035,0.23533708689186,0.192982456140351,0.959839357429719,0.133432108990077
19,"leaky_global_selection",0.777143662368774,0.410118880741817,0.567638976960473,0.213091493337733,0.175438596491228,0.959839357429719,0.130062232240868
20,"leaky_global_selection",0.810258578172339,0.41864472204264,0.559606848446417,0.172636682727654,0.175438596491228,0.943775100401606,0.126692980084711
21,"leaky_global_selection",0.776720918762771,0.396380125946905,0.581166772352568,0.235079738182337,0.210526315789474,0.951807228915663,0.131291118102944
22,"leaky_global_selection",0.739942225040512,0.365251389508813,0.546079053054322,0.145168579836331,0.140350877192982,0.951807228915663,0.141912013133491
23,"leaky_global_selection",0.772704854505743,0.367415821953337,0.561614880574931,0.181968230666937,0.175438596491228,0.947791164658635,0.135128506127347
24,"leaky_global_selection",0.786584936236173,0.418513721591104,0.532551257662228,0.113861232238426,0.105263157894737,0.959839357429719,0.128402600545476
25,"leaky_global_selection",0.801240047910944,0.446572727998179,0.569647009088988,0.22472522249598,0.175438596491228,0.963855421686747,0.124128006819076
26,"leaky_global_selection",0.777777777777778,0.400268942350017,0.563622912703445,0.19178301160715,0.175438596491228,0.951807228915663,0.131537314587927
27,"leaky_global_selection",0.744310575635876,0.362651865969964,0.561614880574931,0.181968230666937,0.175438596491228,0.947791164658635,0.137342892559948
28,"leaky_global_selection",0.784893961812161,0.401436615425584,0.586662439230607,0.220519873739885,0.245614035087719,0.927710843373494,0.130940449917442
29,"leaky_global_selection",0.792221517649545,0.426906707378856,0.591946734305644,0.266301265909679,0.228070175438596,0.955823293172691,0.129142070587194
30,"leaky_global_selection",0.774607200732755,0.413234021874929,0.565630944831959,0.202136004093839,0.175438596491228,0.955823293172691,0.128546743149595
